concept,question,id
abacus,What are the properties of an abacus?,abacus
air conditioner,What are the properties of an air conditioner?,air_conditioner
air mattress,What are the properties of an air mattress?,air_mattress
air pump,What are the properties of an air pump?,air_pump
airbag,What are the properties of an airbag?,airbag
airboat,What are the properties of an airboat?,airboat
aircraft carrier,What are the properties of an aircraft carrier?,aircraft_carrier
airplane,What are the properties of an airplane?,airplane
almond,What are the properties of an almond?,almond
aloe,What are the properties of an aloe?,aloe
alpaca,What are the properties of an alpaca?,alpaca
altar,What are the properties of an altar?,altar
amber,What are the properties of an amber?,amber
amplifier,What are the properties of an amplifier?,amplifier
ankle,What are the properties of an ankle?,ankle
anklet,What are the properties of an anklet?,anklet
anteater,What are the properties of an anteater?,anteater
antelope,What are the properties of an antelope?,antelope
antenna,What are the properties of an antenna?,antenna
anvil,What are the properties of an anvil?,anvil
appetizer,What are the properties of an appetizer?,appetizer
apple tree,What are the properties of an apple tree?,apple_tree
applesauce,What are the properties of an applesauce?,applesauce
aquarium,What are the properties of an aquarium?,aquarium
arch,What are the properties of an arch (architectural element)?,arch
arm,What are the properties of an arm?,arm
armor,What are the properties of an armor?,armor
arrow,What are the properties of an arrow?,arrow
artichoke,What are the properties of an artichoke?,artichoke
arugula,What are the properties of an arugula?,arugula
awning,What are the properties of an awning?,awning
baby,What are the properties of a baby?,baby
backdrop,What are the properties of a backdrop?,backdrop
backgammon,What are the properties of a backgammon?,backgammon
backpack,What are the properties of a backpack?,backpack
backscratcher,What are the properties of a backscratcher?,backscratcher
bacon,What are the properties of a bacon?,bacon
badge,What are the properties of a badge?,badge
badger,What are the properties of a badger?,badger
bagel,What are the properties of a bagel?,bagel
bagpipe,What are the properties of a bagpipe?,bagpipe
baklava,What are the properties of a baklava?,baklava
ballot box,What are the properties of a ballot box?,ballot_box
bamboo,What are the properties of a bamboo?,bamboo
banana peel,What are the properties of a banana peel?,banana_peel
banana split,What are the properties of a banana split?,banana_split
bandage,What are the properties of a bandage?,bandage
bandanna,What are the properties of a bandanna?,bandanna
barbed wire,What are the properties of a barbed wire?,barbed_wire
barbell,What are the properties of a barbell?,barbell
barcode,What are the properties of a barcode?,barcode
bark,What are the properties of a bark?,bark
barnacle,What are the properties of a barnacle?,barnacle
barrette,What are the properties of a barrette?,barrette
baseball bat,What are the properties of a baseball bat?,baseball_bat
baseball glove,What are the properties of a baseball glove?,baseball_glove
basil,What are the properties of a basil?,basil
basketball hoop,What are the properties of a basketball hoop?,basketball_hoop
bassinet,What are the properties of a bassinet?,bassinet
bassoon,What are the properties of a bassoon?,bassoon
bathmat,What are the properties of a bathmat?,bathmat
bathrobe,What are the properties of a bathrobe?,bathrobe
bathtub,What are the properties of a bathtub?,bathtub
batter,What are the properties of a batter?,batter
battery,What are the properties of a battery?,battery
bazooka,What are the properties of a bazooka?,bazooka
beachball,What are the properties of a beachball?,beachball
bead,What are the properties of a bead?,bead
beaker,What are the properties of a beaker?,beaker
beanbag,What are the properties of a beanbag?,beanbag
beanie,What are the properties of a beanie?,beanie
beard,What are the properties of a beard?,beard
bedpan,What are the properties of a bedpan?,bedpan
bedpost,What are the properties of a bedpost?,bedpost
bee,What are the properties of a bee?,bee
beehive,What are the properties of a beehive?,beehive
beer,What are the properties of a beer?,beer
beet,What are the properties of a beet?,beet
bell,What are the properties of a bell?,bell
bell pepper,What are the properties of a bell pepper?,bell_pepper
belt buckle,What are the properties of a belt buckle?,belt_buckle
berry,What are the properties of a berry?,berry
bib,What are the properties of a bib?,bib
bike,What are the properties of a bike?,bike
bikini,What are the properties of a bikini?,bikini
binder,What are the properties of a binder?,binder
binoculars,What are the properties of binoculars?,binoculars
bird,What are the properties of a bird?,bird
birdbath,What are the properties of a birdbath?,birdbath
birdcage,What are the properties of a birdcage?,birdcage
birdhouse,What are the properties of a birdhouse?,birdhouse
birthday cake,What are the properties of a birthday cake?,birthday_cake
bison,What are the properties of a bison?,bison
blackberry,What are the properties of a blackberry?,blackberry
blanket,What are the properties of a blanket?,blanket
blazer,What are the properties of a blazer?,blazer
blimp,What are the properties of a blimp?,blimp
blindfold,What are the properties of a blindfold?,blindfold
block,What are the properties of a block?,block
blower,What are the properties of a blower?,blower
blowfish,What are the properties of a blowfish?,blowfish
blowgun,What are the properties of a blowgun?,blowgun
blowtorch,What are the properties of a blowtorch?,blowtorch
boar,What are the properties of a boar?,boar
board game,What are the properties of a board game?,board_game
bobsled,What are the properties of a bobsled?,bobsled
bok choy,What are the properties of a bok choy?,bok_choy
bolo tie,What are the properties of a bolo tie?,bolo_tie
bologna,What are the properties of a bologna?,bologna
bone,What are the properties of a bone?,bone
bonnet,What are the properties of a bonnet?,bonnet
bonsai,What are the properties of a bonsai?,bonsai
bookmark,What are the properties of a bookmark?,bookmark
bookshelf,What are the properties of a bookshelf?,bookshelf
boomerang,What are the properties of a boomerang?,boomerang
boot,What are the properties of a boot?,boot
bottle opener,What are the properties of a bottle opener?,bottle_opener
boulder,What are the properties of a boulder?,boulder
bowler hat,What are the properties of a bowler hat?,bowler_hat
bowling ball,What are the properties of a bowling ball?,bowling_ball
bowtie,What are the properties of a bowtie?,bowtie
boxer shorts,What are the properties of boxer shorts?,boxer_shorts
boxing gloves,What are the properties of boxing gloves?,boxing_gloves
boy,What are the properties of a boy?,boy
brace,What are the properties of a brace?,brace
bracket,What are the properties of a bracket?,bracket
braid,What are the properties of a braid?,braid
brake,What are the properties of a brake?,brake
branch,What are the properties of a branch?,branch
brass knuckles,What are the properties of brass knuckles?,brass_knuckles
breadbox,What are the properties of a breadbox?,breadbox
breadstick,What are the properties of a breadstick?,breadstick
breakfast,What are the properties of a breakfast?,breakfast
breathalyzer,What are the properties of a breathalyzer?,breathalyzer
briefcase,What are the properties of a briefcase?,briefcase
brooch,What are the properties of a brooch?,brooch
brownie,What are the properties of a brownie?,brownie
brussels sprouts,What are the properties of brussels sprouts?,brussels_sprouts
bubble,What are the properties of a bubble?,bubble
bubble wrap,What are the properties of a bubble wrap?,bubble_wrap
buffet,What are the properties of a buffet (food)?,buffet
bug,What are the properties of a bug?,bug
bull,What are the properties of a bull?,bull
bulldozer,What are the properties of a bulldozer?,bulldozer
bulletin board,What are the properties of a bulletin board?,bulletin_board
bulletproof vest,What are the properties of a bulletproof vest?,bulletproof_vest
bun,What are the properties of a bun?,bun
bungee,What are the properties of a bungee?,bungee
bunkbed,What are the properties of a bunkbed?,bunkbed
buoy,What are the properties of a buoy?,buoy
burner,What are the properties of a burner?,burner
burrito,What are the properties of a burrito?,burrito
bush,What are the properties of a bush?,bush
butter,What are the properties of a butter?,butter
cable,What are the properties of a cable (electrical equipment)?,cable
cactus,What are the properties of a cactus?,cactus
cake mix,What are the properties of a cake mix?,cake_mix
calamari,What are the properties of calamari?,calamari
calculator,What are the properties of a calculator?,calculator
calzone,What are the properties of a calzone?,calzone
camcorder,What are the properties of a camcorder?,camcorder
camera lens,What are the properties of a camera lens?,camera_lens
camper,What are the properties of a camper?,camper
can opener,What are the properties of a can opener?,can_opener
candelabra,What are the properties of a candelabra?,candelabra
candlestick,What are the properties of a candlestick?,candlestick
candy,What are the properties of a candy?,candy
candy bar,What are the properties of a candy bar?,candy_bar
candy cane,What are the properties of a candy cane?,candy_cane
canister,What are the properties of a canister?,canister
cannonball,What are the properties of a cannonball?,cannonball
cantaloupe,What are the properties of a cantaloupe?,cantaloupe
cap,What are the properties of a cap (bottle top)?,cap
car door,What are the properties of a car door?,car_door
caramel,What are the properties of a caramel?,caramel
cardboard,What are the properties of a cardboard?,cardboard
cardigan,What are the properties of a cardigan?,cardigan
cardinal,What are the properties of a cardinal?,cardinal
carousel,What are the properties of a carousel?,carousel
carriage,What are the properties of a carriage?,carriage
cash machine,What are the properties of a cash machine?,cash_machine
cash register,What are the properties of a cash register?,cash_register
cashew,What are the properties of a cashew?,cashew
casserole,What are the properties of a casserole (food)?,casserole
cassette,What are the properties of a cassette?,cassette
catapult,What are the properties of a catapult?,catapult
catfish,What are the properties of a catfish?,catfish
caviar,What are the properties of a caviar?,caviar
cd player,What are the properties of a cd player?,cd_player
cellphone,What are the properties of a cellphone?,cellphone
cement mixer,What are the properties of a cement mixer?,cement_mixer
centerpiece,What are the properties of a centerpiece?,centerpiece
centrifuge,What are the properties of a centrifuge?,centrifuge
cereal,"What are the properties of a cereal (breakfast food, food)?",cereal
chainsaw,What are the properties of a chainsaw?,chainsaw
chalice,What are the properties of a chalice?,chalice
chalk,What are the properties of a chalk?,chalk
chalkboard,What are the properties of a chalkboard?,chalkboard
champagne,What are the properties of a champagne?,champagne
chaps,What are the properties of chaps?,chaps
charcoal,What are the properties of a charcoal?,charcoal
chariot,What are the properties of a chariot?,chariot
checkbook,What are the properties of a checkbook?,checkbook
checkers,What are the properties of a checkers?,checkers
cheeseburger,What are the properties of a cheeseburger?,cheeseburger
cheesecake,What are the properties of a cheesecake?,cheesecake
chess piece,What are the properties of a chess piece?,chess_piece
chessboard,What are the properties of a chessboard?,chessboard
chick,What are the properties of a chick?,chick
chicken wire,What are the properties of a chicken wire?,chicken_wire
chickpea,What are the properties of a chickpea?,chickpea
chihuahua,What are the properties of a chihuahua?,chihuahua
chili,What are the properties of a chili (meal)?,chili
chime,What are the properties of a chime?,chime
chimney,What are the properties of a chimney?,chimney
chin,What are the properties of a chin?,chin
chinaware,What are the properties of a chinaware?,chinaware
chinchilla,What are the properties of a chinchilla?,chinchilla
chips,What are the properties of chips?,chips
chive,What are the properties of a chive?,chive
chocolate,What are the properties of a chocolate?,chocolate
chopsticks,What are the properties of chopsticks?,chopsticks
christmas card,What are the properties of a christmas card?,christmas_card
christmas tree,What are the properties of a christmas tree?,christmas_tree
chute,What are the properties of a chute?,chute
cigarette butt,What are the properties of a cigarette butt?,cigarette_butt
cigarette holder,What are the properties of a cigarette holder?,cigarette_holder
cilantro,What are the properties of a cilantro?,cilantro
cinnamon,What are the properties of cinnamon (spice)?,cinnamon
clasp,What are the properties of a clasp?,clasp
clay,What are the properties of a clay?,clay
cleaver,What are the properties of a cleaver?,cleaver
clipboard,What are the properties of a clipboard?,clipboard
closet,What are the properties of a closet?,closet
clothes,What are the properties of clothes?,clothes
clothesline,What are the properties of a clothesline?,clothesline
clothespin,What are the properties of a clothespin?,clothespin
cloud,What are the properties of a cloud?,cloud
clove,What are the properties of a clove?,clove
clover,What are the properties of a clover?,clover
coal,What are the properties of a coal?,coal
coaster,What are the properties of a coaster?,coaster
coat rack,What are the properties of a coat rack?,coat_rack
cobra,What are the properties of a cobra?,cobra
cockatoo,What are the properties of a cockatoo?,cockatoo
cocktail,What are the properties of a cocktail?,cocktail
cocoon,What are the properties of a cocoon?,cocoon
coffee,What are the properties of a coffee?,coffee
coffee bean,What are the properties of a coffee bean?,coffee_bean
coffee filter,What are the properties of a coffee filter?,coffee_filter
coffee pot,What are the properties of a coffee pot?,coffee_pot
coffee table,What are the properties of a coffee table?,coffee_table
coffeemaker,What are the properties of a coffeemaker?,coffeemaker
coffin,What are the properties of a coffin?,coffin
coil,"What are the properties of a coil (spring, tool)?",coil
coleslaw,What are the properties of a coleslaw?,coleslaw
collar,What are the properties of a collar?,collar
combination lock,What are the properties of a combination lock?,combination_lock
comic book,What are the properties of a comic book?,comic_book
compass,What are the properties of a compass?,compass
compost,What are the properties of a compost?,compost
computer,What are the properties of a computer?,computer
computer screen,What are the properties of a computer screen?,computer_screen
confetti,What are the properties of a confetti?,confetti
contact lens,What are the properties of a contact lens?,contact_lens
container,What are the properties of a container?,container
cooker,What are the properties of a cooker?,cooker
cookie,What are the properties of a cookie?,cookie
cookie cutter,What are the properties of a cookie cutter?,cookie_cutter
cookie sheet,What are the properties of a cookie sheet?,cookie_sheet
cooler,What are the properties of a cooler?,cooler
coop,What are the properties of a coop?,coop
copier,What are the properties of a copier?,copier
coral,What are the properties of a coral?,coral
cord,What are the properties of a cord (electrical equipment)?,cord
cordon bleu,What are the properties of a cordon bleu?,cordon_bleu
corkboard,What are the properties of a corkboard?,corkboard
cornbread,What are the properties of a cornbread?,cornbread
cornhusk,What are the properties of a cornhusk?,cornhusk
cornmeal,What are the properties of a cornmeal?,cornmeal
cornucopia,What are the properties of a cornucopia?,cornucopia
corsage,What are the properties of a corsage?,corsage
corset,What are the properties of a corset?,corset
costume,What are the properties of a costume (clothing)?,costume
cot,What are the properties of a cot?,cot
cotton candy,What are the properties of a cotton candy?,cotton_candy
couch,What are the properties of a couch?,couch
cougar,What are the properties of a cougar?,cougar
counter,What are the properties of a counter?,counter
coverall,What are the properties of a coverall?,coverall
coyote,What are the properties of a coyote?,coyote
cracker,What are the properties of a cracker?,cracker
cranberry,What are the properties of a cranberry?,cranberry
crank,What are the properties of a crank?,crank
crayfish,What are the properties of a crayfish?,crayfish
cream cheese,What are the properties of a cream cheese?,cream_cheese
credit card,What are the properties of a credit card?,credit_card
creme brulee,What are the properties of a creme brulee?,creme_brulee
crepe,What are the properties of a crepe?,crepe
crib,What are the properties of a crib?,crib
croissant,What are the properties of a croissant?,croissant
cross,What are the properties of a cross?,cross
crouton,What are the properties of a crouton?,crouton
crow,What are the properties of a crow?,crow
crucifix,What are the properties of a crucifix?,crucifix
cruise ship,What are the properties of a cruise ship?,cruise_ship
crumb,What are the properties of a crumb?,crumb
crutch,What are the properties of a crutch?,crutch
crystal ball,What are the properties of a crystal ball?,crystal_ball
cuckoo clock,What are the properties of a cuckoo clock?,cuckoo_clock
cufflink,What are the properties of a cufflink?,cufflink
cummerbund,What are the properties of a cummerbund?,cummerbund
cupcake,What are the properties of a cupcake?,cupcake
curb,What are the properties of a curb?,curb
curling iron,What are the properties of a curling iron?,curling_iron
curry,What are the properties of a curry (meal)?,curry
curtain,What are the properties of a curtain?,curtain
cutting board,What are the properties of a cutting board?,cutting_board
cymbal,What are the properties of a cymbal?,cymbal
daisy,What are the properties of a daisy?,daisy
dalmatian,What are the properties of a dalmatian?,dalmatian
dart,What are the properties of a dart?,dart
dartboard,What are the properties of a dartboard?,dartboard
dashboard,What are the properties of a dashboard?,dashboard
defibrillator,What are the properties of a defibrillator?,defibrillator
denture,What are the properties of a denture?,denture
deodorant,What are the properties of a deodorant?,deodorant
dessert,What are the properties of a dessert?,dessert
detonator,What are the properties of a detonator?,detonator
dial,What are the properties of a dial (part of telephone)?,dial
diamond,What are the properties of a diamond?,diamond
diaper,What are the properties of a diaper?,diaper
dice,What are the properties of a dice?,dice
dip,What are the properties of a dip?,dip
dirt bike,What are the properties of a dirt bike?,dirt_bike
dish,What are the properties of a dish?,dish
dishrag,What are the properties of a dishrag?,dishrag
dishwashing liquid,What are the properties of a dishwashing liquid?,dishwashing_liquid
diskette,What are the properties of a diskette?,diskette
diving board,What are the properties of a diving board?,diving_board
dogfood,What are the properties of a dogfood?,dogfood
doghouse,What are the properties of a doghouse?,doghouse
doily,What are the properties of a doily?,doily
dollhouse,What are the properties of a dollhouse?,dollhouse
domino,What are the properties of a domino?,domino
donut,What are the properties of a donut?,donut
door,What are the properties of a door?,door
doorbell,What are the properties of a doorbell?,doorbell
doorhandle,What are the properties of a doorhandle?,doorhandle
doorknocker,What are the properties of a doorknocker?,doorknocker
doormat,What are the properties of a doormat?,doormat
doorstop,What are the properties of a doorstop?,doorstop
dough,What are the properties of a dough?,dough
dragonfly,What are the properties of a dragonfly?,dragonfly
drain,What are the properties of a drain?,drain
drawer,What are the properties of a drawer?,drawer
dreidel,What are the properties of a dreidel?,dreidel
drink,What are the properties of a drink?,drink
dryer,What are the properties of a dryer?,dryer
duckling,What are the properties of a duckling?,duckling
duct,What are the properties of a duct?,duct
duct tape,What are the properties of a duct tape?,duct_tape
duffel bag,What are the properties of a duffel bag?,duffel_bag
dumbbell,What are the properties of a dumbbell?,dumbbell
dumbwaiter,What are the properties of a dumbwaiter?,dumbwaiter
dumpling,What are the properties of a dumpling?,dumpling
dumpster,What are the properties of a dumpster?,dumpster
duster,What are the properties of a duster?,duster
dustpan,What are the properties of a dustpan?,dustpan
ear,What are the properties of an ear?,ear
earplug,What are the properties of an earplug?,earplug
earring,What are the properties of an earring?,earring
earwig,What are the properties of an earwig?,earwig
easel,What are the properties of an easel?,easel
easter egg,What are the properties of an easter egg?,easter_egg
egg,What are the properties of an egg?,egg
egg roll,What are the properties of an egg roll?,egg_roll
eggbeater,What are the properties of an eggbeater?,eggbeater
eggnog,What are the properties of an eggnog?,eggnog
eggplant,What are the properties of an eggplant?,eggplant
eggshell,What are the properties of an eggshell?,eggshell
elbow,What are the properties of an elbow?,elbow
electric chair,What are the properties of an electric chair?,electric_chair
emerald,What are the properties of an emerald?,emerald
enchilada,What are the properties of an enchilada?,enchilada
engine,What are the properties of an engine?,engine
eraser,What are the properties of an eraser?,eraser
espresso,What are the properties of an espresso?,espresso
exerciser,What are the properties of an exerciser?,exerciser
exhaust pipe,What are the properties of an exhaust pipe?,exhaust_pipe
extinguisher,What are the properties of an extinguisher?,extinguisher
eye,What are the properties of an eye?,eye
eye patch,What are the properties of an eye patch?,eye_patch
eyedropper,What are the properties of an eyedropper?,eyedropper
eyeliner,What are the properties of an eyeliner?,eyeliner
eyepiece,What are the properties of an eyepiece?,eyepiece
face,What are the properties of a face?,face
fan,What are the properties of a fan?,fan
fast food,What are the properties of a fast food?,fast_food
faucet,What are the properties of a faucet?,faucet
feather,What are the properties of a feather?,feather
fencepost,What are the properties of a fencepost?,fencepost
fern,What are the properties of a fern?,fern
ferret,What are the properties of a ferret?,ferret
ferris wheel,What are the properties of a ferris wheel?,ferris_wheel
ferry,What are the properties of a ferry?,ferry
fig,What are the properties of a fig?,fig
figurine,What are the properties of a figurine?,figurine
filing cabinet,What are the properties of a filing cabinet?,filing_cabinet
filter,What are the properties of a filter?,filter
finger,What are the properties of a finger?,finger
fingerprint,What are the properties of a fingerprint?,fingerprint
fire,What are the properties of a fire?,fire
fire alarm,What are the properties of a fire alarm?,fire_alarm
fire hydrant,What are the properties of a fire hydrant?,fire_hydrant
fire pit,What are the properties of a fire pit?,fire_pit
firecracker,What are the properties of a firecracker?,firecracker
fireplace,What are the properties of a fireplace?,fireplace
firetruck,What are the properties of a firetruck?,firetruck
firewood,What are the properties of a firewood?,firewood
fireworks,What are the properties of fireworks?,fireworks
first-aid kit,What are the properties of a first-aid kit?,first-aid_kit
fish,What are the properties of a fish?,fish
fishbowl,What are the properties of a fishbowl?,fishbowl
fishhook,What are the properties of a fishhook?,fishhook
fishing pole,What are the properties of a fishing pole?,fishing_pole
fishnet stockings,What are the properties of fishnet stockings?,fishnet_stockings
flag,What are the properties of a flag?,flag
flagpole,What are the properties of a flagpole?,flagpole
flamethrower,What are the properties of a flamethrower?,flamethrower
flan,What are the properties of a flan?,flan
flashbulb,What are the properties of a flashbulb?,flashbulb
flashlight,What are the properties of a flashlight?,flashlight
flask,What are the properties of a flask?,flask
flatiron,What are the properties of a flatiron?,flatiron
flip-flop,What are the properties of a flip-flop?,flip_flop
float,What are the properties of a float (pool accessory)?,float
floss,What are the properties of a floss?,floss
flour,What are the properties of a flour?,flour
flower,What are the properties of a flower?,flower
fly,What are the properties of a fly?,fly
flypaper,What are the properties of a flypaper?,flypaper
flyswatter,What are the properties of a flyswatter?,flyswatter
foam,What are the properties of a foam (packing material)?,foam
folder,What are the properties of a folder?,folder
fondue,What are the properties of a fondue?,fondue
food processor,What are the properties of a food processor?,food_processor
foot,What are the properties of a foot?,foot
football helmet,What are the properties of a football helmet?,football_helmet
footbath,What are the properties of a footbath?,footbath
footprint,What are the properties of a footprint?,footprint
footrest,What are the properties of a footrest?,footrest
forklift,What are the properties of a forklift?,forklift
fossil,What are the properties of a fossil?,fossil
fountain pen,What are the properties of a fountain pen?,fountain_pen
freezer,What are the properties of a freezer?,freezer
french fries,What are the properties of french fries?,french_fries
french horn,What are the properties of a french horn?,french_horn
frisbee,What are the properties of a frisbee?,frisbee
fruit,What are the properties of a fruit?,fruit
fruitcake,What are the properties of a fruitcake?,fruitcake
fudge,What are the properties of a fudge?,fudge
fungus,What are the properties of a fungus?,fungus
funnel,What are the properties of a funnel?,funnel
fur coat,What are the properties of a fur coat?,fur_coat
furnace,What are the properties of a furnace?,furnace
fuse,What are the properties of a fuse (electrical component)?,fuse
gallows,What are the properties of gallows?,gallows
game,What are the properties of a game (entertainment)?,game
garbage,What are the properties of a garbage (waste)?,garbage
garbage truck,What are the properties of a garbage truck?,garbage_truck
gargoyle,What are the properties of a gargoyle?,gargoyle
gas mask,What are the properties of a gas mask?,gas_mask
gasket,What are the properties of a gasket?,gasket
gauge,What are the properties of a gauge?,gauge
gauze,What are the properties of a gauze?,gauze
gavel,What are the properties of a gavel?,gavel
gazelle,What are the properties of a gazelle?,gazelle
gear,What are the properties of a gear?,gear
gearshift,What are the properties of a gearshift?,gearshift
gel,What are the properties of a gel?,gel
gem,What are the properties of a gem?,gem
generator,What are the properties of a generator?,generator
gift,What are the properties of a gift?,gift
ginger,What are the properties of ginger (spice)?,ginger
gingerbread man,What are the properties of a gingerbread man?,gingerbread_man
girl,What are the properties of a girl?,girl
glasses,What are the properties of glasses?,glasses
glove,What are the properties of a glove?,glove
glue,What are the properties of a glue?,glue
go-kart,What are the properties of a go-kart?,go-kart
goalpost,What are the properties of a goalpost?,goalpost
goblet,What are the properties of a goblet?,goblet
goggles,What are the properties of goggles?,goggles
gold,What are the properties of a gold?,gold
golf cart,What are the properties of a golf cart?,golf_cart
golf club,What are the properties of a golf club?,golf_club
gondola,What are the properties of a gondola?,gondola
gong,What are the properties of a gong?,gong
gopher,What are the properties of a gopher?,gopher
graffiti,What are the properties of a graffiti?,graffiti
grain,What are the properties of a grain?,grain
gramophone,What are the properties of a gramophone?,gramophone
granite,What are the properties of a granite?,granite
granola,What are the properties of a granola?,granola
grapevine,What are the properties of a grapevine?,grapevine
grass,What are the properties of a grass?,grass
grate,What are the properties of a grate (covering)?,grate
gravel,What are the properties of a gravel?,gravel
gravestone,What are the properties of a gravestone?,gravestone
gravy,What are the properties of a gravy?,gravy
green beans,What are the properties of green beans?,green_beans
grill,What are the properties of a grill?,grill
grinder,What are the properties of a grinder?,grinder
grits,What are the properties of grits?,grits
groundhog,What are the properties of a groundhog?,groundhog
guacamole,What are the properties of a guacamole?,guacamole
guardrail,What are the properties of a guardrail?,guardrail
guillotine,What are the properties of a guillotine?,guillotine
guinea pig,What are the properties of a guinea pig?,guinea_pig
gum,What are the properties of a gum?,gum
gumball,What are the properties of a gumball?,gumball
gumdrop,What are the properties of a gumdrop?,gumdrop
gurney,What are the properties of a gurney?,gurney
gutter,What are the properties of a gutter?,gutter
gyro,What are the properties of a gyro?,gyro
gyroscope,What are the properties of a gyroscope?,gyroscope
hail,What are the properties of a hail?,hail
hair,What are the properties of a hair?,hair
hairbrush,What are the properties of a hairbrush?,hairbrush
hairdryer,What are the properties of a hairdryer?,hairdryer
hairnet,What are the properties of a hairnet?,hairnet
hairspray,What are the properties of a hairspray?,hairspray
ham,What are the properties of a ham?,ham
hamburger,What are the properties of a hamburger?,hamburger
hammock,What are the properties of a hammock?,hammock
hand,What are the properties of a hand (body part)?,hand
handbrake,What are the properties of a handbrake?,handbrake
handcuff,What are the properties of a handcuff?,handcuff
handkerchief,What are the properties of a handkerchief?,handkerchief
handle,What are the properties of a handle?,handle
handprint,What are the properties of a handprint?,handprint
hanger,What are the properties of a hanger?,hanger
hard disk,What are the properties of a hard disk?,hard_disk
harness,"What are the properties of a harness (safety equipment, safety device)?",harness
hat,What are the properties of a hat?,hat
hatbox,What are the properties of a hatbox?,hatbox
hay,What are the properties of a hay?,hay
headband,What are the properties of a headband?,headband
headdress,What are the properties of a headdress?,headdress
headlamp,What are the properties of a headlamp?,headlamp
headlight,What are the properties of a headlight?,headlight
headphones,What are the properties of headphones?,headphones
headrest,What are the properties of a headrest?,headrest
headscarf,What are the properties of a headscarf?,headscarf
headset,What are the properties of a headset?,headset
hearing aid,What are the properties of a hearing aid?,hearing_aid
hearse,What are the properties of a hearse?,hearse
heater,What are the properties of a heater?,heater
hedge,What are the properties of a hedge?,hedge
hedgehog,What are the properties of a hedgehog?,hedgehog
highchair,What are the properties of a highchair?,highchair
highlighter,What are the properties of a highlighter?,highlighter
hinge,What are the properties of a hinge?,hinge
hip,What are the properties of a hip?,hip
hippopotamus,What are the properties of a hippopotamus?,hippopotamus
hobbyhorse,What are the properties of a hobbyhorse?,hobbyhorse
hockey stick,What are the properties of a hockey stick?,hockey_stick
hole,What are the properties of a hole?,hole
holster,What are the properties of a holster (gun accessory)?,holster
home plate,What are the properties of a home plate?,home_plate
honey,What are the properties of a honey?,honey
honeycomb,What are the properties of a honeycomb?,honeycomb
hood,What are the properties of a hood?,hood
hoodie,What are the properties of a hoodie?,hoodie
hookah,What are the properties of a hookah?,hookah
hopscotch,What are the properties of a hopscotch?,hopscotch
horn,What are the properties of a horn (musical instrument)?,horn
horseshoe,What are the properties of a horseshoe?,horseshoe
hot chocolate,What are the properties of a hot chocolate?,hot_chocolate
hot tub,What are the properties of a hot tub?,hot_tub
hot-air balloon,What are the properties of a hot-air balloon?,hot-air_balloon
hot-water bottle,What are the properties of a hot-water bottle?,hot-water_bottle
hotdog,What are the properties of a hotdog?,hotdog
hotplate,What are the properties of a hotplate?,hotplate
hourglass,What are the properties of a hourglass?,hourglass
hovercraft,What are the properties of a hovercraft?,hovercraft
hubcap,What are the properties of a hubcap?,hubcap
hula hoop,What are the properties of a hula hoop?,hula_hoop
hummingbird,What are the properties of a hummingbird?,hummingbird
hummus,What are the properties of a hummus?,hummus
humvee,What are the properties of a humvee?,humvee
hydrant,What are the properties of a hydrant?,hydrant
ice,What are the properties of an ice?,ice
ice cream,What are the properties of an ice cream?,ice_cream
ice cube,What are the properties of an ice cube?,ice_cube
ice pack,What are the properties of an ice pack?,ice_pack
ice-cream cone,What are the properties of an ice-cream cone?,ice-cream_cone
icemaker,What are the properties of an icemaker?,icemaker
icepick,What are the properties of an icepick?,icepick
iceskate,What are the properties of an iceskate?,iceskate
icicle,What are the properties of an icicle?,icicle
incense,What are the properties of an incense?,incense
incubator,What are the properties of an incubator?,incubator
inhaler,What are the properties of an inhaler?,inhaler
ink,What are the properties of an ink?,ink
inkwell,What are the properties of an inkwell?,inkwell
insole,What are the properties of an insole?,insole
ironing board,What are the properties of an ironing board?,ironing_board
ivy,What are the properties of an ivy?,ivy
jackhammer,What are the properties of a jackhammer?,jackhammer
jalapeno,What are the properties of a jalapeno?,jalapeno
jam,What are the properties of a jam?,jam
javelin,What are the properties of a javelin?,javelin
jelly bean,What are the properties of a jelly bean?,jelly_bean
jellyfish,What are the properties of a jellyfish?,jellyfish
jersey,What are the properties of a jersey?,jersey
jet,What are the properties of a jet?,jet
jetski,What are the properties of a jetski?,jetski
jewel,What are the properties of a jewel?,jewel
jewelry,What are the properties of a jewelry?,jewelry
jigsaw puzzle,What are the properties of a jigsaw puzzle?,jigsaw_puzzle
joystick,What are the properties of a joystick?,joystick
jug,What are the properties of a jug?,jug
juice,What are the properties of a juice?,juice
jukebox,What are the properties of a jukebox?,jukebox
jump rope,What are the properties of a jump rope?,jump_rope
jumpsuit,What are the properties of a jumpsuit?,jumpsuit
kale,What are the properties of a kale?,kale
kaleidoscope,What are the properties of a kaleidoscope?,kaleidoscope
kangaroo,What are the properties of a kangaroo?,kangaroo
kayak,What are the properties of a kayak?,kayak
kazoo,What are the properties of a kazoo?,kazoo
kebab,What are the properties of a kebab?,kebab
keg,What are the properties of a keg?,keg
ketchup,What are the properties of a ketchup?,ketchup
keyhole,What are the properties of a keyhole?,keyhole
kilt,What are the properties of a kilt?,kilt
kimono,What are the properties of a kimono?,kimono
kitten,What are the properties of a kitten?,kitten
kiwi,What are the properties of a kiwi (fruit)?,kiwi
knee,What are the properties of a knee?,knee
kneepad,What are the properties of a kneepad?,kneepad
knitting,What are the properties of a knitting?,knitting
knitting needle,What are the properties of a knitting needle?,knitting_needle
knob,What are the properties of a knob?,knob
knot,What are the properties of a knot?,knot
koala,What are the properties of a koala?,koala
lab coat,What are the properties of a lab coat?,lab_coat
ladder,What are the properties of a ladder?,ladder
ladybug,What are the properties of a ladybug?,ladybug
lamb chop,What are the properties of a lamb chop?,lamb_chop
lamppost,What are the properties of a lamppost?,lamppost
lampshade,What are the properties of a lampshade?,lampshade
landmine,What are the properties of a landmine?,landmine
lanyard,What are the properties of a lanyard (accessory)?,lanyard
laptop,What are the properties of a laptop?,laptop
lasagna,What are the properties of a lasagna?,lasagna
laser pointer,What are the properties of a laser pointer?,laser_pointer
latch,What are the properties of a latch?,latch
latte,What are the properties of a latte?,latte
laundry basket,What are the properties of a laundry basket?,laundry_basket
lava,What are the properties of a lava?,lava
lavender,What are the properties of a lavender?,lavender
lawnmower,What are the properties of a lawnmower?,lawnmower
leaf,"What are the properties of a leaf (part of plant, part of tree)?",leaf
leash,What are the properties of a leash?,leash
lectern,What are the properties of a lectern?,lectern
leech,What are the properties of a leech?,leech
leek,What are the properties of a leek?,leek
leg,What are the properties of a leg?,leg
leggings,What are the properties of leggings?,leggings
lego,What are the properties of a lego?,lego
lemonade,What are the properties of a lemonade?,lemonade
lens,What are the properties of a lens?,lens
leotard,What are the properties of a leotard?,leotard
letter opener,What are the properties of a letter opener?,letter_opener
license plate,What are the properties of a license plate?,license_plate
licorice,What are the properties of a licorice?,licorice
lid,What are the properties of a lid?,lid
life jacket,What are the properties of a life jacket?,life_jacket
light switch,What are the properties of a light switch?,light_switch
lightbulb,What are the properties of a lightbulb?,lightbulb
lighter,What are the properties of a lighter?,lighter
lightning bug,What are the properties of a lightning bug?,lightning_bug
lingerie,What are the properties of a lingerie?,lingerie
lip balm,What are the properties of a lip balm?,lip_balm
lip gloss,What are the properties of a lip gloss?,lip_gloss
lipstick,What are the properties of a lipstick?,lipstick
lizard,What are the properties of a lizard?,lizard
llama,What are the properties of a llama?,llama
lock,What are the properties of a lock?,lock
locker,What are the properties of a locker?,locker
locket,What are the properties of a locket?,locket
log,What are the properties of a log?,log
loincloth,What are the properties of a loincloth?,loincloth
lollipop,What are the properties of a lollipop?,lollipop
loom,What are the properties of a loom?,loom
loveseat,What are the properties of a loveseat?,loveseat
luggage,What are the properties of a luggage?,luggage
lumber,What are the properties of a lumber?,lumber
lunchbox,What are the properties of a lunchbox?,lunchbox
macadamia,What are the properties of a macadamia?,macadamia
macaroni,What are the properties of a macaroni?,macaroni
machine gun,What are the properties of a machine gun?,machine_gun
maggot,What are the properties of a maggot?,maggot
magnet,What are the properties of a magnet?,magnet
magnifier,What are the properties of a magnifier?,magnifier
magnifying glass,What are the properties of a magnifying glass?,magnifying_glass
mail,What are the properties of a mail?,mail
mailbox,What are the properties of a mailbox?,mailbox
makeup,What are the properties of a makeup?,makeup
mallet,What are the properties of a mallet?,mallet
man,What are the properties of a man?,man
manatee,What are the properties of a manatee?,manatee
mandolin,What are the properties of a mandolin?,mandolin
mango,What are the properties of a mango?,mango
manhole,What are the properties of a manhole?,manhole
mannequin,What are the properties of a mannequin?,mannequin
map,What are the properties of a map?,map
maple syrup,What are the properties of a maple syrup?,maple_syrup
margarita,What are the properties of a margarita?,margarita
marijuana,What are the properties of a marijuana?,marijuana
marker,What are the properties of a marker?,marker
marmalade,What are the properties of a marmalade?,marmalade
marshmallow,What are the properties of a marshmallow?,marshmallow
mascara,What are the properties of a mascara?,mascara
mashed potato,What are the properties of a mashed potato?,mashed_potato
mask,What are the properties of a mask?,mask
match,What are the properties of a match?,match
matchbox,What are the properties of a matchbox?,matchbox
mattress,What are the properties of a mattress?,mattress
measuring cup,What are the properties of a measuring cup?,measuring_cup
meat,What are the properties of a meat?,meat
meat grinder,What are the properties of a meat grinder?,meat_grinder
meatball,What are the properties of a meatball?,meatball
meatloaf,What are the properties of a meatloaf?,meatloaf
medal,What are the properties of a medal?,medal
meerkat,What are the properties of a meerkat?,meerkat
megaphone,What are the properties of a megaphone?,megaphone
melon,What are the properties of a melon?,melon
memory stick,What are the properties of a memory stick?,memory_stick
metal detector,What are the properties of a metal detector?,metal_detector
metronome,What are the properties of a metronome?,metronome
microphone,What are the properties of a microphone?,microphone
milk,What are the properties of a milk?,milk
milkshake,What are the properties of a milkshake?,milkshake
minivan,What are the properties of a minivan?,minivan
mint,What are the properties of a mint?,mint
missile,What are the properties of a missile?,missile
mistletoe,What are the properties of a mistletoe?,mistletoe
mitten,What are the properties of a mitten?,mitten
modem,What are the properties of a modem?,modem
mole,What are the properties of a mole?,mole
money,What are the properties of a money?,money
mongoose,What are the properties of a mongoose?,mongoose
monkey,What are the properties of a monkey?,monkey
mop,What are the properties of a mop?,mop
mosquito,What are the properties of a mosquito?,mosquito
mosquito net,What are the properties of a mosquito net?,mosquito_net
moss,What are the properties of a moss?,moss
motherboard,What are the properties of a motherboard?,motherboard
mousepad,What are the properties of a mousepad?,mousepad
mousetrap,What are the properties of a mousetrap?,mousetrap
mousse,What are the properties of a mousse?,mousse
mouth,What are the properties of a mouth?,mouth
mud,What are the properties of a mud?,mud
muff,What are the properties of a muff?,muff
muffin,What are the properties of a muffin?,muffin
mulberry,What are the properties of a mulberry?,mulberry
mulch,What are the properties of a mulch?,mulch
music box,What are the properties of a music box?,music_box
mussel,What are the properties of a mussel?,mussel
mustache,What are the properties of a mustache?,mustache
mustard,What are the properties of a mustard?,mustard
nacho,What are the properties of a nacho?,nacho
nail clippers,What are the properties of nail clippers?,nail_clippers
nail file,What are the properties of a nail file?,nail_file
nail polish,What are the properties of a nail polish?,nail_polish
napkin ring,What are the properties of a napkin ring?,napkin_ring
navel,What are the properties of a navel?,navel
neck,What are the properties of a neck?,neck
needle,What are the properties of a needle?,needle
nest,What are the properties of a nest?,nest
net,What are the properties of a net?,net
nightshirt,What are the properties of a nightshirt?,nightshirt
nightstand,What are the properties of a nightstand?,nightstand
noodle,What are the properties of a noodle?,noodle
noose,What are the properties of a noose?,noose
nose,What are the properties of a nose?,nose
notebook,"What are the properties of a notebook (office supply, school supply)?",notebook
notepad,What are the properties of a notepad?,notepad
nut,What are the properties of a nut?,nut
oar,What are the properties of an oar?,oar
oatmeal,What are the properties of an oatmeal?,oatmeal
odometer,What are the properties of an odometer?,odometer
oil,What are the properties of an oil?,oil
oilcan,What are the properties of an oilcan?,oilcan
okra,What are the properties of an okra?,okra
omelet,What are the properties of an omelet?,omelet
onion,What are the properties of an onion?,onion
orange rind,What are the properties of an orange rind?,orange_rind
orangutan,What are the properties of an orangutan?,orangutan
orchid,What are the properties of an orchid?,orchid
origami,What are the properties of an origami?,origami
ottoman,What are the properties of an ottoman?,ottoman
outfit,What are the properties of an outfit?,outfit
outlet,What are the properties of an outlet?,outlet
overalls,What are the properties of overalls?,overalls
oyster,What are the properties of an oyster?,oyster
pacifier,What are the properties of a pacifier?,pacifier
paddle,What are the properties of a paddle?,paddle
padlock,What are the properties of a padlock?,padlock
paint,What are the properties of a paint?,paint
paintbrush,What are the properties of a paintbrush?,paintbrush
painting,What are the properties of a painting?,painting
pajamas,What are the properties of pajamas?,pajamas
palette,What are the properties of a palette?,palette
pallet,What are the properties of a pallet?,pallet
palm tree,What are the properties of a palm tree?,palm_tree
pan,What are the properties of a pan?,pan
pancake,What are the properties of a pancake?,pancake
panda,What are the properties of a panda?,panda
panties,What are the properties of panties?,panties
pants,What are the properties of pants?,pants
pantsuit,What are the properties of a pantsuit?,pantsuit
pantyhose,What are the properties of a pantyhose?,pantyhose
papaya,What are the properties of a papaya?,papaya
paper,What are the properties of a paper?,paper
paper bag,What are the properties of a paper bag?,paper_bag
paper plate,What are the properties of a paper plate?,paper_plate
paper towel,What are the properties of a paper towel?,paper_towel
paperclip,What are the properties of a paperclip?,paperclip
paperweight,What are the properties of a paperweight?,paperweight
parachute,What are the properties of a parachute?,parachute
parfait,What are the properties of a parfait?,parfait
parking meter,What are the properties of a parking meter?,parking_meter
parrot,What are the properties of a parrot?,parrot
pasta,What are the properties of a pasta?,pasta
pastry,What are the properties of a pastry?,pastry
patty,What are the properties of a patty?,patty
payphone,What are the properties of a payphone?,payphone
pea,What are the properties of a pea?,pea
peanut,What are the properties of a peanut?,peanut
peanut butter,What are the properties of a peanut butter?,peanut_butter
pearl,What are the properties of a pearl?,pearl
pecan,What are the properties of a pecan?,pecan
pedal,What are the properties of a pedal?,pedal
pedometer,What are the properties of a pedometer?,pedometer
peeler,What are the properties of a peeler?,peeler
pencil sharpener,What are the properties of a pencil sharpener?,pencil_sharpener
pendulum,What are the properties of a pendulum?,pendulum
penholder,What are the properties of a penholder?,penholder
penlight,What are the properties of a penlight?,penlight
pennant,What are the properties of a pennant?,pennant
pepper mill,What are the properties of a pepper mill?,pepper_mill
peppermint,What are the properties of a peppermint (candy)?,peppermint
pepperoni,What are the properties of a pepperoni (meat)?,pepperoni
perfume,What are the properties of a perfume?,perfume
periscope,What are the properties of a periscope?,periscope
pesto,What are the properties of a pesto?,pesto
pet food,What are the properties of a pet food?,pet_food
petal,What are the properties of a petal?,petal
petri dish,What are the properties of a petri dish?,petri_dish
pheasant,What are the properties of a pheasant?,pheasant
phone,What are the properties of a phone?,phone
phone booth,What are the properties of a phone booth?,phone_booth
photo booth,What are the properties of a photo booth?,photo_booth
photograph,What are the properties of a photograph?,photograph
pickax,What are the properties of a pickax?,pickax
pickle,What are the properties of a pickle?,pickle
piecrust,What are the properties of a piecrust?,piecrust
piggy bank,What are the properties of a piggy bank?,piggy_bank
piglet,What are the properties of a piglet?,piglet
pill,What are the properties of a pill?,pill
pillbox,What are the properties of a pillbox?,pillbox
pinball,What are the properties of a pinball?,pinball
pincushion,What are the properties of a pincushion?,pincushion
pine needle,What are the properties of a pine needle?,pine_needle
pine tree,What are the properties of a pine tree?,pine_tree
pinecone,What are the properties of a pinecone?,pinecone
ping-pong table,What are the properties of a ping-pong table?,ping-pong_table
pinwheel,What are the properties of a pinwheel?,pinwheel
pistachio,What are the properties of a pistachio?,pistachio
pita,What are the properties of a pita?,pita
pitcher,What are the properties of a pitcher?,pitcher
pitchfork,What are the properties of a pitchfork?,pitchfork
pizza,What are the properties of a pizza?,pizza
place mat,What are the properties of a place mat?,place_mat
plant,What are the properties of a plant?,plant
plaster cast,What are the properties of a plaster cast?,plaster_cast
plastic film,What are the properties of a plastic film?,plastic_film
playing card,What are the properties of a playing card?,playing_card
playpen,What are the properties of a playpen?,playpen
plug,What are the properties of a plug?,plug
plunger,What are the properties of a plunger?,plunger
pocket,What are the properties of a pocket?,pocket
pocket watch,What are the properties of a pocket watch?,pocket_watch
pocketknife,What are the properties of a pocketknife?,pocketknife
pogo stick,What are the properties of a pogo stick?,pogo_stick
poinsettia,What are the properties of a poinsettia?,poinsettia
polar bear,What are the properties of a polar bear?,polar_bear
polaroid,What are the properties of a polaroid?,polaroid
pole,What are the properties of a pole?,pole
police car,What are the properties of a police car?,police_car
polo shirt,What are the properties of a polo shirt?,polo_shirt
polygraph,What are the properties of a polygraph?,polygraph
pom-pom,What are the properties of a pom-pom?,pom-pom
pomegranate,What are the properties of a pomegranate?,pomegranate
poodle,What are the properties of a poodle?,poodle
pool table,What are the properties of a pool table?,pool_table
popcorn,What are the properties of a popcorn?,popcorn
poppy,What are the properties of a poppy?,poppy
popsicle,What are the properties of a popsicle?,popsicle
porthole,What are the properties of a porthole?,porthole
possum,What are the properties of a possum?,possum
poster,What are the properties of a poster?,poster
pot,What are the properties of a pot?,pot
potholder,What are the properties of a potholder?,potholder
pothole,What are the properties of a pothole?,pothole
potpie,What are the properties of a potpie?,potpie
potpourri,What are the properties of a potpourri?,potpourri
powder,What are the properties of a powder?,powder
power line,What are the properties of a power line?,power_line
praying mantis,What are the properties of a praying mantis?,praying_mantis
pretzel,What are the properties of a pretzel?,pretzel
printer,What are the properties of a printer?,printer
prism,What are the properties of a prism?,prism
propeller,What are the properties of a propeller?,propeller
puck,What are the properties of a puck?,puck
pudding,What are the properties of a pudding (dessert)?,pudding
puddle,What are the properties of a puddle?,puddle
puffin,What are the properties of a puffin?,puffin
pug,What are the properties of a pug?,pug
pulley,What are the properties of a pulley?,pulley
pulpit,What are the properties of a pulpit?,pulpit
pump,What are the properties of a pump?,pump
punching bag,What are the properties of a punching bag?,punching_bag
puppet,What are the properties of a puppet?,puppet
puppy,What are the properties of a puppy?,puppy
purse,What are the properties of a purse?,purse
quad,What are the properties of a quad?,quad
quesadilla,What are the properties of a quesadilla?,quesadilla
quiche,What are the properties of a quiche?,quiche
quill,What are the properties of a quill?,quill
quilt,What are the properties of a quilt?,quilt
racehorse,What are the properties of a racehorse?,racehorse
racket,What are the properties of a racket?,racket
radar,What are the properties of a radar?,radar
rag,What are the properties of a rag?,rag
railing,What are the properties of a railing?,railing
rain gauge,What are the properties of a rain gauge?,rain_gauge
raincoat,What are the properties of a raincoat?,raincoat
ram,What are the properties of a ram (animal)?,ram
ratchet,What are the properties of a ratchet?,ratchet
ravioli,What are the properties of a ravioli?,ravioli
razor blade,What are the properties of a razor blade?,razor_blade
ready meal,What are the properties of a ready meal?,ready_meal
rearview mirror,What are the properties of a rearview mirror?,rearview_mirror
recliner,What are the properties of a recliner?,recliner
record,What are the properties of a record?,record
record player,What are the properties of a record player?,record_player
recorder,What are the properties of a recorder (musical instrument)?,recorder
red carpet,What are the properties of a red carpet?,red_carpet
refrigerator,What are the properties of a refrigerator?,refrigerator
reindeer,What are the properties of a reindeer?,reindeer
remote control,What are the properties of a remote control?,remote_control
revolving door,What are the properties of a revolving door?,revolving_door
rhinoceros,What are the properties of a rhinoceros?,rhinoceros
ribbon,What are the properties of a ribbon?,ribbon
rickshaw,What are the properties of a rickshaw?,rickshaw
road sign,What are the properties of a road sign?,road_sign
robot,What are the properties of a robot?,robot
rocking chair,What are the properties of a rocking chair?,rocking_chair
rocking horse,What are the properties of a rocking horse?,rocking_horse
roll,What are the properties of a roll?,roll
roller,What are the properties of a roller (garden tool)?,roller
roller coaster,What are the properties of a roller coaster?,roller_coaster
rollerblade,What are the properties of a rollerblade?,rollerblade
rollerskate,What are the properties of a rollerskate?,rollerskate
rolling pin,What are the properties of a rolling pin?,rolling_pin
roof rack,What are the properties of a roof rack?,roof_rack
rooster,What are the properties of a rooster?,rooster
root,What are the properties of a root?,root
rosary,What are the properties of a rosary?,rosary
rose,What are the properties of a rose?,rose
roulette wheel,What are the properties of a roulette wheel?,roulette_wheel
router,What are the properties of a router?,router
rubber band,What are the properties of a rubber band?,rubber_band
ruby,What are the properties of a ruby?,ruby
rudder,What are the properties of a rudder?,rudder
rug,What are the properties of a rug?,rug
rust,What are the properties of a rust?,rust
safety pin,What are the properties of a safety pin?,safety_pin
saffron,What are the properties of a saffron?,saffron
sail,What are the properties of a sail?,sail
sailboat,What are the properties of a sailboat?,sailboat
salad,What are the properties of a salad?,salad
salami,What are the properties of a salami?,salami
saltshaker,What are the properties of a saltshaker?,saltshaker
sand,What are the properties of a sand?,sand
sandal,What are the properties of a sandal?,sandal
sandbag,What are the properties of a sandbag?,sandbag
sandbox,What are the properties of a sandbox?,sandbox
sandcastle,What are the properties of a sandcastle?,sandcastle
sandwich,What are the properties of a sandwich?,sandwich
sarcophagus,What are the properties of a sarcophagus?,sarcophagus
satellite,What are the properties of a satellite?,satellite
satellite dish,What are the properties of a satellite dish?,satellite_dish
sauce,What are the properties of a sauce?,sauce
saucer,What are the properties of a saucer?,saucer
sauerkraut,What are the properties of a sauerkraut?,sauerkraut
sausage,What are the properties of a sausage?,sausage
saw,What are the properties of a saw?,saw
sawhorse,What are the properties of a sawhorse?,sawhorse
scaffold,What are the properties of a scaffold?,scaffold
scaffolding,What are the properties of a scaffolding?,scaffolding
scallion,What are the properties of a scallion?,scallion
scallop,What are the properties of a scallop?,scallop
scalpel,What are the properties of a scalpel?,scalpel
scarecrow,What are the properties of a scarecrow?,scarecrow
school bus,What are the properties of a school bus?,school_bus
scone,What are the properties of a scone?,scone
scoreboard,What are the properties of a scoreboard?,scoreboard
scorpion,What are the properties of a scorpion?,scorpion
scrabble,What are the properties of a scrabble?,scrabble
scrambled egg,What are the properties of a scrambled egg?,scrambled_egg
scraper,What are the properties of a scraper?,scraper
screw,What are the properties of a screw?,screw
scuba,What are the properties of a scuba?,scuba
sea urchin,What are the properties of a sea urchin?,sea_urchin
seafood,What are the properties of a seafood?,seafood
seahorse,What are the properties of a seahorse?,seahorse
seaplane,What are the properties of a seaplane?,seaplane
seatbelt,What are the properties of a seatbelt?,seatbelt
seed,What are the properties of a seed?,seed
seesaw,What are the properties of a seesaw?,seesaw
seismograph,What are the properties of a seismograph?,seismograph
sequin,What are the properties of a sequin?,sequin
sewage,What are the properties of a sewage?,sewage
sewing kit,What are the properties of a sewing kit?,sewing_kit
sewing machine,What are the properties of a sewing machine?,sewing_machine
shaker,What are the properties of a shaker?,shaker
shark,What are the properties of a shark?,shark
shaving cream,What are the properties of a shaving cream?,shaving_cream
shears,What are the properties of shears?,shears
sheet,What are the properties of a sheet (bedding)?,sheet
shelf,What are the properties of a shelf?,shelf
shoe,What are the properties of a shoe?,shoe
shoe polish,What are the properties of a shoe polish?,shoe_polish
shoehorn,What are the properties of a shoehorn?,shoehorn
shoelace,What are the properties of a shoelace?,shoelace
shopping basket,What are the properties of a shopping basket?,shopping_basket
shopping cart,What are the properties of a shopping cart?,shopping_cart
shortbread,What are the properties of a shortbread?,shortbread
shorts,What are the properties of shorts?,shorts
shower,What are the properties of a shower?,shower
shower cap,What are the properties of a shower cap?,shower_cap
shower curtain,What are the properties of a shower curtain?,shower_curtain
showerhead,What are the properties of a showerhead?,showerhead
shredder,What are the properties of a shredder?,shredder
shuffleboard,What are the properties of a shuffleboard?,shuffleboard
shutter,"What are the properties of a shutter (window covering, window accessory)?",shutter
sickle,What are the properties of a sickle?,sickle
sifter,What are the properties of a sifter?,sifter
silicone,What are the properties of a silicone?,silicone
silverware,What are the properties of a silverware?,silverware
sim card,What are the properties of a sim card?,sim_card
skeleton,What are the properties of a skeleton?,skeleton
ski,What are the properties of a ski?,ski
ski boots,What are the properties of ski boots?,ski_boots
ski lift,What are the properties of a ski lift?,ski_lift
ski pole,What are the properties of a ski pole?,ski_pole
skin,What are the properties of a skin?,skin
skull,What are the properties of a skull?,skull
sled,What are the properties of a sled?,sled
sledgehammer,What are the properties of a sledgehammer?,sledgehammer
sleeping bag,What are the properties of a sleeping bag?,sleeping_bag
slicer,What are the properties of a slicer?,slicer
slide,What are the properties of a slide?,slide
slime,What are the properties of a slime?,slime
slingshot,What are the properties of a slingshot?,slingshot
slipper,What are the properties of a slipper?,slipper
slot machine,What are the properties of a slot machine?,slot_machine
sloth,What are the properties of a sloth?,sloth
slug,What are the properties of a slug?,slug
smoke alarm,What are the properties of a smoke alarm?,smoke_alarm
smoothie,What are the properties of a smoothie?,smoothie
snack,What are the properties of a snack?,snack
snake,What are the properties of a snake?,snake
snorkel,What are the properties of a snorkel?,snorkel
snow,What are the properties of a snow?,snow
snowball,What are the properties of a snowball?,snowball
snowboard,What are the properties of a snowboard?,snowboard
snowman,What are the properties of a snowman?,snowman
snowmobile,What are the properties of a snowmobile?,snowmobile
snowplow,What are the properties of a snowplow?,snowplow
snowshoe,What are the properties of a snowshoe?,snowshoe
snowsuit,What are the properties of a snowsuit?,snowsuit
soap,What are the properties of a soap?,soap
soccer ball,What are the properties of a soccer ball?,soccer_ball
sock,What are the properties of a sock?,sock
soda,What are the properties of a soda?,soda
soda fountain,What are the properties of a soda fountain?,soda_fountain
sofa bed,What are the properties of a sofa bed?,sofa_bed
solar panel,What are the properties of a solar panel?,solar_panel
soldering iron,What are the properties of a soldering iron?,soldering_iron
sombrero,What are the properties of a sombrero?,sombrero
sonogram,What are the properties of a sonogram?,sonogram
sorbet,What are the properties of a sorbet?,sorbet
souffle,What are the properties of a souffle?,souffle
soup,What are the properties of a soup?,soup
soy sauce,What are the properties of a soy sauce?,soy_sauce
space shuttle,What are the properties of a space shuttle?,space_shuttle
spacesuit,What are the properties of a spacesuit?,spacesuit
spaghetti,What are the properties of spaghetti?,spaghetti
spam,What are the properties of a spam?,spam
spareribs,What are the properties of spareribs?,spareribs
spark plug,What are the properties of a spark plug?,spark_plug
sparkler,What are the properties of a sparkler?,sparkler
speaker,What are the properties of a speaker?,speaker
speedboat,What are the properties of a speedboat?,speedboat
speedometer,What are the properties of a speedometer?,speedometer
spider web,What are the properties of a spider web?,spider_web
splinter,What are the properties of a splinter?,splinter
sponge,What are the properties of a sponge?,sponge
spool,What are the properties of a spool?,spool
spout,What are the properties of a spout?,spout
spring roll,What are the properties of a spring roll?,spring_roll
springboard,What are the properties of a springboard?,springboard
sprinkler,What are the properties of a sprinkler?,sprinkler
sprouts,What are the properties of sprouts?,sprouts
spur,What are the properties of a spur?,spur
squash,What are the properties of a squash?,squash
squeegee,What are the properties of a squeegee?,squeegee
squirt gun,What are the properties of a squirt gun?,squirt_gun
stained glass,What are the properties of a stained glass?,stained_glass
stair,What are the properties of a stair?,stair
stake,What are the properties of a stake?,stake
stalagmite,What are the properties of a stalagmite?,stalagmite
staple gun,What are the properties of a staple gun?,staple_gun
stapler,What are the properties of a stapler?,stapler
star fruit,What are the properties of a star fruit?,star_fruit
starfish,What are the properties of a starfish?,starfish
station wagon,What are the properties of a station wagon?,station_wagon
statue,What are the properties of a statue?,statue
steak,What are the properties of a steak?,steak
steamroller,What are the properties of a steamroller?,steamroller
steering wheel,What are the properties of a steering wheel?,steering_wheel
stem,What are the properties of a stem?,stem
step stool,What are the properties of a step stool?,step_stool
stereo,What are the properties of a stereo?,stereo
stethoscope,What are the properties of a stethoscope?,stethoscope
stew,What are the properties of a stew?,stew
sticker,What are the properties of a sticker?,sticker
stiletto,What are the properties of a stiletto (shoe)?,stiletto
stingray,What are the properties of a stingray?,stingray
stir fry,What are the properties of a stir fry?,stir_fry
stirrup,What are the properties of a stirrup?,stirrup
stockings,What are the properties of stockings?,stockings
stomach,What are the properties of a stomach?,stomach
stopwatch,What are the properties of a stopwatch?,stopwatch
straightjacket,What are the properties of a straightjacket?,straightjacket
strap,"What are the properties of a strap (securing device, fastener)?",strap
streetlight,What are the properties of a streetlight?,streetlight
stretcher,What are the properties of a stretcher?,stretcher
string cheese,What are the properties of a string cheese?,string_cheese
stroller,What are the properties of a stroller?,stroller
stuffing,What are the properties of a stuffing?,stuffing
stump,What are the properties of a stump?,stump
subway,What are the properties of a subway?,subway
sugar cube,What are the properties of a sugar cube?,sugar_cube
suit,What are the properties of a suit?,suit
suitcase,What are the properties of a suitcase?,suitcase
sundae,What are the properties of a sundae?,sundae
sundial,What are the properties of a sundial?,sundial
sunflower,What are the properties of a sunflower?,sunflower
sunglasses,What are the properties of sunglasses?,sunglasses
sunroof,What are the properties of a sunroof?,sunroof
sushi,What are the properties of a sushi?,sushi
suspenders,What are the properties of suspenders?,suspenders
sweatsuit,What are the properties of a sweatsuit?,sweatsuit
sweeper,What are the properties of a sweeper?,sweeper
sweet potato,What are the properties of a sweet potato?,sweet_potato
swimming pool,What are the properties of a swimming pool?,swimming_pool
swing,What are the properties of a swing?,swing
swing set,What are the properties of a swing set?,swing_set
switch,What are the properties of a switch?,switch
swizzle stick,What are the properties of a swizzle stick?,swizzle_stick
swordfish,What are the properties of a swordfish?,swordfish
syringe,What are the properties of a syringe?,syringe
syrup,What are the properties of a syrup?,syrup
t-shirt,What are the properties of a t-shirt?,t-shirt
tablecloth,What are the properties of a tablecloth?,tablecloth
tablet,What are the properties of a tablet (electronic device)?,tablet
tackle,What are the properties of a tackle (fishing equipment)?,tackle
taco,What are the properties of a taco?,taco
tadpole,What are the properties of a tadpole?,tadpole
taffy,What are the properties of a taffy?,taffy
taillight,What are the properties of a taillight?,taillight
tamale,What are the properties of a tamale?,tamale
tambourine,What are the properties of a tambourine?,tambourine
tape measure,What are the properties of a tape measure?,tape_measure
tape recorder,What are the properties of a tape recorder?,tape_recorder
tapestry,What are the properties of a tapestry?,tapestry
tarantula,What are the properties of a tarantula?,tarantula
target,What are the properties of a target?,target
tarp,What are the properties of a tarp?,tarp
tattoo,What are the properties of a tattoo?,tattoo
tea,What are the properties of a tea?,tea
teabag,What are the properties of a teabag?,teabag
teacup,What are the properties of a teacup?,teacup
teapot,What are the properties of a teapot?,teapot
teddy bear,What are the properties of a teddy bear?,teddy_bear
teepee,What are the properties of a teepee?,teepee
telegraph,What are the properties of a telegraph?,telegraph
telephone pole,What are the properties of a telephone pole?,telephone_pole
telescope,What are the properties of a telescope?,telescope
television,What are the properties of a television?,television
tennis ball,What are the properties of a tennis ball?,tennis_ball
terrarium,What are the properties of a terrarium?,terrarium
test tube,What are the properties of a test tube?,test_tube
thermos,What are the properties of a thermos?,thermos
thermostat,What are the properties of a thermostat?,thermostat
thorn,What are the properties of a thorn?,thorn
thread,What are the properties of a thread?,thread
throne,What are the properties of a throne?,throne
thumb,What are the properties of a thumb?,thumb
thumbtack,What are the properties of a thumbtack?,thumbtack
tiara,What are the properties of a tiara?,tiara
tick,What are the properties of a tick?,tick
ticktacktoe,What are the properties of a ticktacktoe?,ticktacktoe
tie,What are the properties of a tie?,tie
timer,What are the properties of a timer?,timer
tinsel,What are the properties of a tinsel?,tinsel
tiramisu,What are the properties of a tiramisu?,tiramisu
toast,What are the properties of a toast?,toast
toaster oven,What are the properties of a toaster oven?,toaster_oven
toe,What are the properties of a toe?,toe
toga,What are the properties of a toga?,toga
toilet paper,What are the properties of a toilet paper?,toilet_paper
tomato sauce,What are the properties of a tomato sauce?,tomato_sauce
tongue,What are the properties of a tongue?,tongue
tool,What are the properties of a tool?,tool
toolbox,What are the properties of a toolbox?,toolbox
tooth,What are the properties of a tooth?,tooth
toothbrush,What are the properties of a toothbrush?,toothbrush
toothpaste,What are the properties of a toothpaste?,toothpaste
toothpick,What are the properties of a toothpick?,toothpick
top hat,What are the properties of a top hat?,top_hat
torch,What are the properties of a torch?,torch
torpedo,What are the properties of a torpedo?,torpedo
torso,What are the properties of a torso?,torso
tortellini,What are the properties of tortellini?,tortellini
tortilla,What are the properties of a tortilla?,tortilla
tostada,What are the properties of a tostada?,tostada
totem pole,What are the properties of a totem pole?,totem_pole
toucan,What are the properties of a toucan?,toucan
touchpad,What are the properties of a touchpad?,touchpad
towel,What are the properties of a towel?,towel
towel rack,What are the properties of a towel rack?,towel_rack
toy,What are the properties of a toy?,toy
traffic light,What are the properties of a traffic light?,traffic_light
trailer,What are the properties of a trailer?,trailer
train car,What are the properties of a train car?,train_car
train set,What are the properties of a train set?,train_set
trampoline,What are the properties of a trampoline?,trampoline
trap,What are the properties of a trap (hunting equipment)?,trap
trapdoor,What are the properties of a trapdoor?,trapdoor
trashcan,What are the properties of a trashcan?,trashcan
treadmill,What are the properties of a treadmill?,treadmill
treasure,What are the properties of a treasure?,treasure
tree,What are the properties of a tree?,tree
tree trunk,What are the properties of a tree trunk?,tree_trunk
triangle,What are the properties of a triangle (musical instrument)?,triangle
trident,What are the properties of a trident?,trident
trigger,What are the properties of a trigger?,trigger
trophy,What are the properties of a trophy?,trophy
trough,What are the properties of a trough?,trough
trowel,What are the properties of a trowel?,trowel
tube top,What are the properties of a tube top?,tube_top
tugboat,What are the properties of a tugboat?,tugboat
tulip,What are the properties of a tulip?,tulip
tumbleweed,What are the properties of a tumbleweed?,tumbleweed
tuning fork,What are the properties of a tuning fork?,tuning_fork
tupperware,What are the properties of a tupperware?,tupperware
turban,What are the properties of a turban?,turban
turbine,What are the properties of a turbine?,turbine
turf,What are the properties of a turf?,turf
turnstile,What are the properties of a turnstile?,turnstile
turntable,What are the properties of a turntable?,turntable
turtleneck,What are the properties of a turtleneck?,turtleneck
tuxedo,What are the properties of a tuxedo?,tuxedo
tweezers,What are the properties of tweezers?,tweezers
twig,What are the properties of a twig?,twig
ukulele,What are the properties of an ukulele?,ukulele
undershirt,What are the properties of an undershirt?,undershirt
underwear,What are the properties of an underwear?,underwear
uniform,What are the properties of an uniform?,uniform
urinal,What are the properties of an urinal?,urinal
urn,What are the properties of an urn?,urn
vacuum,What are the properties of a vacuum?,vacuum
vase,What are the properties of a vase?,vase
vegetable,What are the properties of a vegetable?,vegetable
velcro,What are the properties of a velcro?,velcro
vending machine,What are the properties of a vending machine?,vending_machine
vent,What are the properties of a vent?,vent
vest,What are the properties of a vest?,vest
vial,What are the properties of a vial?,vial
videocassette,What are the properties of a videocassette?,videocassette
videogame,What are the properties of a videogame?,videogame
viewfinder,What are the properties of a viewfinder?,viewfinder
vise,What are the properties of a vise?,vise
visor,What are the properties of a visor?,visor
volleyball,What are the properties of a volleyball?,volleyball
vulture,What are the properties of a vulture?,vulture
wafer,What are the properties of a wafer?,wafer
waffle,What are the properties of a waffle?,waffle
waffle iron,What are the properties of a waffle iron?,waffle_iron
wagon,What are the properties of a wagon?,wagon
wall,What are the properties of a wall?,wall
wallet,What are the properties of a wallet?,wallet
wallpaper,What are the properties of a wallpaper?,wallpaper
walnut,What are the properties of a walnut?,walnut
warthog,What are the properties of a warthog?,warthog
washboard,What are the properties of a washboard?,washboard
washcloth,What are the properties of a washcloth?,washcloth
washing machine,What are the properties of a washing machine?,washing_machine
watch,What are the properties of a watch?,watch
water bottle,What are the properties of a water bottle?,water_bottle
water cooler,What are the properties of a water cooler?,water_cooler
water filter,What are the properties of a water filter?,water_filter
water heater,What are the properties of a water heater?,water_heater
watering can,What are the properties of a watering can?,watering_can
watermelon,What are the properties of a watermelon?,watermelon
waterwheel,What are the properties of a waterwheel?,waterwheel
wax,What are the properties of a wax?,wax
wax paper,What are the properties of a wax paper?,wax_paper
weasel,What are the properties of a weasel?,weasel
weather vane,What are the properties of a weather vane?,weather_vane
webcam,What are the properties of a webcam?,webcam
wedding cake,What are the properties of a wedding cake?,wedding_cake
weed,What are the properties of a weed?,weed
wetsuit,What are the properties of a wetsuit?,wetsuit
wheat,What are the properties of a wheat?,wheat
wheelchair,What are the properties of a wheelchair?,wheelchair
whipped cream,What are the properties of a whipped cream?,whipped_cream
whisk,What are the properties of a whisk?,whisk
whiteboard,What are the properties of a whiteboard?,whiteboard
whoopee cushion,What are the properties of a whoopee cushion?,whoopee_cushion
wick,What are the properties of a wick?,wick
wig,What are the properties of a wig?,wig
wind chimes,What are the properties of wind chimes?,wind_chimes
window,What are the properties of a window?,window
windowsill,What are the properties of a windowsill?,windowsill
windshield,What are the properties of a windshield?,windshield
windshield wiper,What are the properties of a windshield wiper?,windshield_wiper
windsock,What are the properties of a windsock?,windsock
wine,What are the properties of a wine?,wine
wine bottle,What are the properties of a wine bottle?,wine_bottle
wineglass,What are the properties of a wineglass?,wineglass
wire,What are the properties of a wire?,wire
wire cutters,What are the properties of wire cutters?,wire_cutters
wok,What are the properties of a wok?,wok
wolf,What are the properties of a wolf?,wolf
woman,What are the properties of a woman?,woman
wood,What are the properties of a wood?,wood
wooden leg,What are the properties of a wooden leg?,wooden_leg
workbench,What are the properties of a workbench?,workbench
wrap,What are the properties of a wrap (food)?,wrap
wrapping paper,What are the properties of a wrapping paper?,wrapping_paper
wreath,What are the properties of a wreath?,wreath
wreck,What are the properties of a wreck?,wreck
wrench,What are the properties of a wrench?,wrench
wrist,What are the properties of a wrist?,wrist
xylophone,What are the properties of a xylophone?,xylophone
yak,What are the properties of a yak?,yak
yarn,What are the properties of a yarn?,yarn
yo-yo,What are the properties of a yo-yo?,yo-yo
yogurt,What are the properties of a yogurt?,yogurt
yoke,What are the properties of a yoke?,yoke
yolk,What are the properties of a yolk?,yolk
zipper,What are the properties of a zipper?,zipper
zucchini,What are the properties of a zucchini?,zucchini
bat,What are the properties of a bat (sports equipment)?,bat2
baton,What are the properties of a baton (musical equipment)?,baton1
baton,What are the properties of a baton (weapon)?,baton2
baton,What are the properties of a baton (sports equipment)?,baton4
bow,What are the properties of a bow (hair accessory)?,bow1
bow,"What are the properties of a bow (weapon, hunting equipment)?",bow2
bow,"What are the properties of a bow (decoration, gift decoration)?",bow3
bracelet,What are the properties of a bracelet (jewelry)?,bracelet2
button,"What are the properties of a button (clothing accessory, clothing fastener)?",button1
button,What are the properties of a button (activator)?,button2
camera,"What are the properties of a camera (recording device, electronic device)?",camera1
camera,"What are the properties of a camera (camera accessory, photography equipment)?",camera2
chest,What are the properties of a chest (body part)?,chest1
chest,"What are the properties of a chest (furniture, storage)?",chest2
chicken,What are the properties of a chicken (fencing)?,chicken2
clipper,What are the properties of a clipper (garden tool)?,clipper1
clipper,What are the properties of a clipper (grooming tool)?,clipper2
crystal,"What are the properties of a crystal (rock, mineral, gemstone)?",crystal1
crystal,What are the properties of a crystal (fortune telling device)?,crystal2
file,What are the properties of a file (tool)?,file1
hook,"What are the properties of a hook (hardware, tool)?",hook2
juicer,What are the properties of a juicer (kitchen appliance)?,juicer2
mold,What are the properties of a mold (baking tool)?,mold1
mold,What are the properties of a mold (fungus)?,mold2
pepper,What are the properties of a pepper (vegetable)?,pepper1
pepper,What are the properties of a pepper (kitchen tool)?,pepper2
pipe,What are the properties of a pipe (plumbing equipment)?,pipe2
punch,What are the properties of a punch (drink)?,punch1
rack,"What are the properties of a rack (storage equipment, furniture, storage)?",rack1
rack,What are the properties of a rack (furniture)?,rack2
screen,"What are the properties of a screen (mesh, barrier)?",screen2
shell,What are the properties of a shell (ammunition)?,shell1
shell,"What are the properties of a shell (animal part, exoskeleton)?",shell2
stamp,What are the properties of a stamp (postage)?,stamp1
stamp,"What are the properties of a stamp (craft supply, art supply)?",stamp2
stove,What are the properties of a stove (kitchen appliance)?,stove2
straw,"What are the properties of a straw (animal food, agricultural product)?",straw1
straw,What are the properties of a straw (drinking utensil)?,straw2
tank,What are the properties of a tank (military vehicle)?,tank1
tank,"What are the properties of a tank (container, storage)?",tank2
walker,"What are the properties of a walker (mobility device, medical equipment)?",walker1
walker,"What are the properties of a walker (baby equipment, baby toy)?",walker2
aardvark,What are the properties of an aardvark (animal)?,aardvark
acorn,What are the properties of an acorn (nut)?,acorn
album,What are the properties of an album (book)?,album
aluminum foil,"What are the properties of an aluminum foil (food packaging, food storage)?",aluminum_foil
balance beam,What are the properties of a balance beam (gymnastics equipment)?,balance_beam
bank,What are the properties of a bank (money storage container)?,bank
banner,What are the properties of a banner (sign)?,banner
baseball,What are the properties of a baseball (sports equipment)?,baseball
basketball,What are the properties of a basketball (sports equipment)?,basketball
bin,What are the properties of a bin (container)?,bin
blind,What are the properties of a blind (window covering)?,blind
blinder,What are the properties of a blinder (horse equipment)?,blinder
boa,What are the properties of a boa (feather boa)?,boa
board,"What are the properties of a board (building material, wood)?",board
bolt,What are the properties of a bolt (hardware)?,bolt
bongo,"What are the properties of a bongo (musical instrument, percussion instrument)?",bongo
bumper,What are the properties of a bumper (part of car)?,bumper
cabinet,"What are the properties of a cabinet (storage, kitchen furniture)?",cabinet
can,"What are the properties of a can (drink container, container)?",can
cane,What are the properties of a cane (medical equipment)?,cane
canvas,What are the properties of a canvas (art supply)?,canvas
car seat,What are the properties of a car seat (part of car)?,car_seat
card,What are the properties of a card (game)?,card
charger,What are the properties of a charger (electronic accessory)?,charger
chip,"What are the properties of a chip (computer hardware, electronic component)?",chip
cleat,"What are the properties of a cleat (shoe, sports equipment)?",cleat
column,What are the properties of a column (architectural element)?,column
crane,What are the properties of a crane (construction equipment)?,crane
crate,"What are the properties of a crate (container, shipping accessory)?",crate
cream,What are the properties of a cream (beauty product)?,cream
crown,What are the properties of a crown (headwear)?,crown
dolly,What are the properties of a dolly (moving equipment)?,dolly
drumstick,What are the properties of a drumstick (musical equipment)?,drumstick
dynamite,What are the properties of a dynamite (explosive)?,dynamite
eclair,What are the properties of an eclair (pastry)?,eclair
face mask,"What are the properties of a face mask (sports equipment, protective clothing)?",face_mask
film,What are the properties of a film (film strip)?,film
flipper,What are the properties of a flipper (swimming equipment)?,flipper
frame,What are the properties of a frame (painting)?,frame
garter,"What are the properties of a garter (clothing accessory, wedding accessory)?",garter
glass,What are the properties of a glass (drinkware)?,glass
globe,What are the properties of a globe (geography device)?,globe
gourd,What are the properties of a gourd (vegetable)?,gourd
grille,What are the properties of a grille (part of car)?,grille
hairpin,What are the properties of a hairpin (hair accessory)?,hairpin
handlebar,What are the properties of a handlebar (part of bicycle)?,handlebar
hash,What are the properties of a hash (food)?,hash
honeypot,"What are the properties of a honeypot (container, kitchen storage)?",honeypot
iron,"What are the properties of an iron (household appliance, home appliance)?",iron
jack,"What are the properties of a jack (car tool, tool)?",jack
keyboard,What are the properties of a keyboard (musical instrument)?,keyboard
lifesaver,"What are the properties of a lifesaver (flotation device, safety device)?",lifesaver
mantle,What are the properties of a mantle (fireplace part)?,mantle
mast,What are the properties of a mast (part of boat)?,mast
mixer,What are the properties of a mixer (kitchen appliance)?,mixer
moccasin,"What are the properties of a moccasin (shoe, footwear)?",moccasin
mouthpiece,"What are the properties of a mouthpiece (sports equipment, protective sports gear)?",mouthpiece
mullet,What are the properties of a mullet (hairstyle)?,mullet
nail,"What are the properties of a nail (hardware, fastener)?",nail
noisemaker,What are the properties of a noisemaker (party supply)?,noisemaker
nutcracker,What are the properties of a nutcracker (kitchen tool)?,nutcracker
organ,What are the properties of an organ (musical instrument)?,organ
patch,What are the properties of a patch (clothing accessory)?,patch
poker,What are the properties of a poker (fireplace tool)?,poker
polisher,What are the properties of a polisher (tool)?,polisher
radiator,"What are the properties of a radiator (heating device, home appliance)?",radiator
ramp,What are the properties of a ramp (handicap accessibility feature)?,ramp
reel,What are the properties of a reel (film equipment)?,reel
retainer,What are the properties of a retainer (dental device)?,retainer
rim,What are the properties of a rim (tire rim)?,rim
riser,"What are the properties of a riser (seat, stage equipment)?",riser
roadsweeper,What are the properties of a roadsweeper (vehicle)?,roadsweeper
saddle,What are the properties of a saddle (sports equipment)?,saddle
scale,What are the properties of a scale (weight measurement tool)?,scale
scanner,What are the properties of a scanner (office equipment)?,scanner
scoop,"What are the properties of a scoop (kitchen tool, utensil)?",scoop
scooter,"What are the properties of a scooter (vehicle, toy)?",scooter
sheath,What are the properties of a sheath (knife accessory)?,sheath
shoulder,What are the properties of a shoulder (body part)?,shoulder
sidecar,What are the properties of a sidecar (motorcycle accessory)?,sidecar
siren,What are the properties of a siren (alarm)?,siren
skewer,What are the properties of a skewer (kitchen tool)?,skewer
sling,What are the properties of a sling (arm sling)?,sling
slot,What are the properties of a slot (hole)?,slot
staple,What are the properties of a staple (office supply)?,staple
stilt,"What are the properties of a stilt (walking device, toy)?",stilt
stool,"What are the properties of a stool (furniture, chair, seat)?",stool
swab,What are the properties of a swab (personal hygiene item)?,swab
tab,"What are the properties of a tab (part of can, part of can)?",tab
tack,"What are the properties of a tack (fastener, office supply)?",tack
tag,What are the properties of a tag (label)?,tag
tape,What are the properties of a tape (office supply)?,tape
tee,What are the properties of a tee (golf equipment)?,tee
tile,"What are the properties of a tile (building material, flooring)?",tile
trunk,"What are the properties of a trunk (storage, container)?",trunk
valve,"What are the properties of a valve (plumbing equipment, plumbing hardware)?",valve
water fountain,What are the properties of a water fountain (water dispenser)?,water_fountain
wedge,What are the properties of a wedge (tool)?,wedge
wine cooler,"What are the properties of a wine cooler (kitchen equipment, wine accessory)?",wine_cooler
wing,What are the properties of a wing (part of airplane)?,wing
baton,What are the properties of a baton (drum major)?,baton3
bracelet,What are the properties of a bracelet (wristband)?,bracelet1
calf,What are the properties of a calf (leg)?,calf2
file,What are the properties of a file (card index)?,file2
hook,What are the properties of a hook (door hook)?,hook1
juicer,What are the properties of a juicer (citrus fruit squeezer)?,juicer1
mouse,What are the properties of a mouse (computer mouse)?,mouse2
punch,What are the properties of a punch (pliers)?,punch2
screen,What are the properties of a screen (projection)?,screen1
shell,What are the properties of a shell (nut shell)?,shell3
stove,What are the properties of a stove (kitchen stove)?,stove1
