things_concept_id,mcrae_concept,cslb_concept
baseball_bat,bat_(baseball)
glove,gloves
bean,beans
pine_tree,pine
curtain,curtains
ski,skis
bat1,bat_(animal),bat_(animal)
bat2,bat_(baseball),bat_(sporting)
baton1,baton
bow2,bow_(ribbon)
bracelet2,bracelet
calf1,calf,calf
chicken1,chicken,chicken
hook2,hook
mouse1,mouse,mouse
mouse2,mouse_(computer)
pepper2,pepper
pipe1,pipe_(smoking),pipe_(smoking)
pipe2,pipe_(plumbing)
shell2,shell
stove1,stove
tank1,tank_(army)
tank2,tank_(container)
crane,,crane_(equipment)
flip_flop,,flip_flops
card,,greeting_card
kiwi,,kiwi_fruit
organ,,organ_(musical_instrument)
ring,ring_(jewelry),ring_(jewellery)
seal,seal,seal_(animal)