index,concept_id,feature
0,guitar,is played for entertainment
1,touchpad,is a computer part
2,airplane,used for passengers
3,panther,has claws
4,radio,used for playing different stations
5,bra,made of cotton
6,robe,does cover nightclothes
7,rattlesnake,eats rodents
8,generator,has a switch
9,raisin,is eaten in desserts
10,turkey,is a mammal
11,tomato,is grown in farms
12,spear,is sharp
13,snowman,lives in winter
14,hatchet,is an axe
15,basketball,is played in an indoor court
16,mitten,is worn on the hand
17,eel,has flesh
18,cherry,is a fruit
19,swan,is found in europe
20,cow,is white
21,garbage_truck,is a truck
22,marigold,does reproduce
23,xylophone,has metal bars
24,pumpkin,has a stalk
25,umbrella,is made of plastic
26,macaroni,has a skin
27,gavel,makes a sound
28,chain,is big
29,hose,is made of plastic
30,lobster,lives in water
31,raisin,tastes good
32,police_car,has sirens
33,cream_cheese,is white in color
34,cigarette,produces smoke
35,radish,has green leaves
36,cigarette,does turn teeth yellow
37,kite,is colourful
38,walrus,has large teeth
39,gumball,is colorful
40,corn,is yellow
41,mushroom,eaten by cooking
42,rollerskate,is footwear
43,microwave,uses radiation
44,daisy,is yellow
45,ice_cream,made of cream
46,muffin,is made of butter
47,grasshopper,makes chirping sounds
48,wallet,is used to carry money and credit cards
49,exhaust_pipe,is an exhaust pipe
50,bean,is nutritious
51,bat1,is used to play baseball
52,swing,is used for fun
53,bagel,has calories
54,grapefruit,is edible
55,bracelet2,is thin
56,wheelbarrow,has one wheel
57,butter,is fatty
58,pickle,a food
59,fire_alarm,is used to alert people about fire in buildings
60,seaweed,is eaten in salads
61,porcupine,does shoot spikes
62,ladder,is a tool
63,van,has tires
64,vacuum,is used to clean ceilings
65,crossbow,made of wood and string
66,stereo,is electrical
67,tongs,is used to move food
68,pumpkin,grows on the ground
69,cherry,grows on trees
70,rolls_royce,is pretty
71,lip_balm,is used by applying
72,eggplant,is exotic
73,ambulance,has a red cross
74,snowboard,is used on snow
75,mouse1,an animal
76,cd_player,is found in bedrooms
77,dolphin,eats fish
78,crossbow,is used for protection
79,grate,is used in fires
80,oriole,is orange
81,stool,does support weight
82,skillet,has a handle
83,hand,is on the hand
84,wheat,is made into bread
85,book,is written
86,bra,is used for women
87,alligator,does move
88,paper_towel,is used to clean glass
89,basin,made of metal
90,butterfly,has scales
91,leopard,does run
92,satellite,is used to send messages
93,playing_card,has a number on the back
94,rifle,fires
95,brush,is used to groom dogs
96,ring,is used to make a proposal
97,pie,is eaten for lunch
98,sweet_potato,has a hard skin
99,umbrella,has skin
100,dishwashing_liquid,cleans dishes
101,slipper,is comfortable
102,sandpaper,does DIY
103,sewing_kit,has a piece of chalk
104,mouse1,is gray
105,medal,is round
106,shawl,is worn in india
107,backscratcher,is used to scratch skin
108,brick,is used in houses
109,roadsweeper,has a broom to sweep the leaves from the road
110,dressing_gown,is soft
111,brick,has a length
112,rat,has whiskers
113,goose,has a body
114,gyroscope,has a round shape
115,typewriter,has letters
116,skateboard,does skate
117,urinal,is used by males
118,rocking_chair,does swing
119,lavender,is used to make sachets
120,grille,is white
121,harp,makes music
122,whale,spouts water
123,chicken1,is edible
124,locket,has a chain
125,spinach,is a plant
126,teapot,is made by hand
127,colander,made of metal
128,beanbag,is large
129,sushi,has seaweed
130,dessert,is high in sugar
131,tack,is bent
132,cap_(bottle),used on bottles
133,chair,has a seat
134,spear,is used by the army
135,moped,does use fuel
136,chandelier,made of glass
137,cocoon,is a silk bag
138,alligator,does kill prey
139,spinach,has stems
140,radish,comes in bunches
141,tripod,has three legs
142,rat,is hunted by people
143,tractor,is yellow
144,espresso,has a brown color
145,deer,hunted by people
146,paint,is used to color things
147,tiger,has fur
148,envelope,is used by the postal service
149,tongs,is a kitchen utensil
150,tripod,has a camera mount
151,grenade,is explosive
152,bathtub,is large
153,rifle,has a metal barrel
154,praying_mantis,has an insect body
155,oven,has a glass door
156,beer,has a smell
157,goblet,is made of water
158,flea,bites
159,button,is flat
160,scaffold,is made of metal
161,leg,is worn on the lower body
162,wheelchair,has brakes
163,meatloaf,has gravy
164,cucumber,is made of vegetables
165,mulberry,is cooked
166,eclair,is round
167,robe,is a dress
168,ravioli,is a traditional italian food
169,bench,is found in workshops
170,cd_player,is carried around
171,stew,is cooked in a microwave
172,cat,has eyes
173,javelin,is used in games
174,shirt,is used for clothing
175,whistle,does rattle
176,go-kart,is an electric car
177,birthday_cake,is eaten with a fork
178,gorilla,has a latch
179,mixer,used for making cakes
180,saxophone,is brass
181,desk,has a flat surface
182,stool,is uncomfortable
183,suit,is used for funerals
184,bonnet,is removed
185,raspberry,a fruit
186,pipe1,is cleaned
187,bell_pepper,is a pepper
188,pen,has an ink cartridge
189,mushroom,is used for food
190,envelope,is rectangular
191,sandals,has buckles
192,mattress,is used for sleep
193,bag,has a shoulder strap
194,rocking_horse,is used to rock
195,file1,is used to smooth wood
196,headband,is a jewelry
197,spear,has a sharp tip
198,trolley,is an object
199,basement,has windows
200,train,goes fast
201,door,used by opening
202,cookie_sheet,has a surface
203,broom,is wooden
204,drum,produces beats
205,skunk,has four legs
206,cake,eaten at birthdays
207,pancake,is yellow
208,club,is associated with trolls
209,checkers,has pieces
210,truck,has a driving seat
211,fawn,is brown
212,whip,used on lions
213,starling,is black
214,album,has unbound pages
215,saxophone,is made of wood
216,dishrag,has a shape of rectangle
217,bread,is brown
218,desk,is made of metal
219,wagon,has wheels
220,matchbox,is carried in a pocket
221,fishnet_stockings,is worn
222,radish,has a long root
223,wallet,is brown
224,coffee_pot,made of plastic
225,giraffe,has long legs
226,magnet,is used to hold paper clips
227,chipmunk,has a bushy tail
228,seagull,is used for fishing
229,termite,is disgusting
230,garlic,is used to cook food
231,bean,is eaten as a vegetable
232,cow,is used to farm
233,cigarette,is sold in stores
234,globe,is used to teach
235,leopard,has fangs
236,silverware,is made of silver
237,cucumber,is green
238,harness,is worn by a person
239,squid,has skin
240,cherry,is used to cook
241,moss,does grow
242,jug,made of ceramic
243,beaver,is used to make hats
244,chipmunk,has sharp teeth
245,whistle,is loud
246,bus,has windows
247,tack,used for holding paper
248,stool_(furniture),used by sitting on
249,corkscrew,is hard
250,iguana,has eyes
251,chandelier,is heavy
252,parachute,has a shape of a cone
253,wasp,is black
254,hose,is made of plastic
255,unicycle,has brakes
256,bear,has claws
257,headlight,has a beam
258,otter,is white
259,bug,is hairy
260,scaffolding,has metal bars
261,toaster,does toast bread
262,screwdriver,has a long handle
263,banjo,is used in country music
264,rose,is cream coloured
265,barge,is big
266,star_fruit,is tasty
267,pepper1,has stalks
268,tripod,made of rubber
269,napkin_ring,is found in kitchens
270,bacon,is crispy
271,frog,does live on land
272,duck,does lay eggs
273,blouse,has a hem
274,lobster,eaten by boiling
275,cloak,is a coat
276,potholder,is used to hold hot pans
277,alligator,is long
278,soup,has pepper
279,duck,has a flat tail
280,cassette,has an antenna
281,parakeet,does fly
282,mirror,is found in bedrooms
283,fruitcake,comes in a box
284,shawl,is a gift
285,knee,is made of bone
286,riser,has a front
287,grate,is used to cover a fire
288,cushion,is a bed
289,basil,is edible
290,videocassette,is used to record shows
291,limousine,has long seats
292,mirror,found in houses
293,stump,is part of a tree
294,carousel,is for kids
295,harness,is used to connect
296,praying_mantis,is white
297,wagon,carries things
298,cockroach,flies
299,cauliflower,tastes bitter
300,cart,runs on petrol
301,fork,is used to cut
302,tent,is used in the jungle
303,armchair,is manmade
304,slime,is found in the ocean
305,cannon,shoots rockets
306,rock,has different colors
307,hoe,used for farming
308,box,is light
309,can,is reused
310,helmet,is used in baseball
311,submarine,does dive
312,sledgehammer,is large
313,cushion,is comfortable
314,oak,is deciduous
315,catalogue,is for buying things
316,tambourine,made of metal
317,owl,does hunt
318,accordion,is red
319,car,is black
320,artichoke,is eaten in salad
321,candy_bar,is used to make candy
322,donkey,is Eeyore
323,hairbrush,is used to brush hair in the evening
324,buzzard,is a carnivore
325,cantaloupe,tastes sweet
326,compass,is used for travel
327,skyscraper,has windows
328,vegetable,comes in cans
329,beehive,has honey
330,worm,is an animal
331,grape,is red
332,manhole,is a hole
333,walrus,is dangerous
334,earplug,is worn in the ear
335,sink,is used to wash your face
336,peacock,has beautiful feathers
337,pulpit,is used in religious ceremonies
338,penlight,has a cap
339,wagon,made of metal
340,blouse,has sleeves
341,cat,lives in colonies
342,cigar,is long
343,cat,eats
344,oven,used for cooking
345,pretzel,has a thin outer layer
346,cloak,is comfortable
347,pasta,is used for spaghetti
348,dolphin,is smooth
349,anchor,has a rope
350,stalagmite,is found in limestone
351,skateboard,is fast
352,key,is used for car locks
353,microwave,is useful
354,typewriter,has an inside
355,tangerine,is round
356,ketchup,tastes sweet
357,scuba,is used to look at things
358,tank1,used by armies
359,eyedropper,has a rubber bulb
360,canoe,is used for water transportation
361,fruitcake,contains alcohol
362,yoyo,is handheld
363,cauliflower,is found in gardens
364,nail,has a shaft
365,flower,is grown in greenhouses
366,stove1,is made of metal
367,hail,is dangerous
368,coffin,made of fabric
369,pants,eg - bell bottoms
370,caterpillar,is long
371,goose,lives in europe
372,cigarette,has no filter
373,goldfish,does live in cold water
374,rocket,used by astronauts
375,tape_recorder,is portable
376,buggy,has a hood
377,rain_gauge,has an opening
378,flea,is hard to kill
379,lollipop,is given to adults
380,chest1,is used to keep things safe
381,pencil,used for drawing
382,deer,an animal
383,robe,is made of cloth
384,buckle,is a fruit
385,chicken1,is found on farms
386,ball,has a cover
387,dolphin,is a carnivore
388,dollhouse,is used for display
389,hatchet,is made of steel
390,housefly,a pest
391,boomerang,does fly
392,gorilla,is aggressive
393,tobacco,is addictive
394,jeep,has four doors
395,jukebox,is old - fashioned
396,pillow,is covered in fabric
397,wrist,has fingers
398,taxi,is used to go places
399,pine_tree,a coniferous
400,grenade,is used in war games
401,sink,has water inside
402,honeydew,eaten in fruit salads
403,roller_coaster,is thrilling
404,waffle_iron,is a kitchen appliance
405,coin,is used to gamble
406,beard,is a facial hair
407,wall,made of cement
408,accordion,is used in concerts
409,shovel,has a sharp end
410,tambourine,is used in bands
411,dolphin,does squirt water
412,crystal2,is associated with crystal balls
413,pelican,does catch fish
414,money,is used to pay for things
415,lobster,lives in cold waters
416,apron,made of plastic
417,trowel,has a rectangular shape
418,fondue,has a lid
419,toy,makes noise
420,flea,has a mouth
421,bra,is worn with skirts
422,rabbit,is white
423,board_(black),requires cleaning
424,ambulance,is used to save lives
425,church,used for praying
426,joystick,is used to control things
427,pumpkin,is orange
428,carriage,made of wood
429,banana,has a stalk
430,water_filter,has a hole
431,thermometer,is used in laboratories
432,oar,is used for boats
433,carousel,has a pole
434,anchor,has a handle
435,saxophone,makes sounds
436,oil,is sold in grocery stores
437,crow,squawks
438,eyeliner,is used to make your eyes look smaller
439,ferris_wheel,is used for entertainment
440,tomato,has a peel
441,shorts,is worn on the legs
442,hook2,has a shape of an oval
443,cooler,is made of metal
444,hydrant,is used for emergencies
445,razor,is used to trim hair
446,laser_pointer,is seen from a distance
447,certificate,found on walls
448,scissors,has a point
449,camel,used for transportation
450,wooden_leg,has an ankle
451,drill,a tool
452,napkin,is used to clean the table
453,lavender,is used for decoration
454,hydrant,is a pipe
455,flute,made of wood
456,chessboard,is used to play
457,forklift,has a seat for the driver
458,cello,a musical instrument
459,clam,is an animal
460,blower,is used in the garden
461,jacket,is brown
462,mop,is a cleaning tool
463,bedpost,has a round top
464,woman,has a head
465,radio,is used to talk on the phone
466,dunebuggy,has 4 wheels
467,turkey,is bred
468,frog,is found in ponds
469,bottle,is used to store water
470,chocolate,is a dessert
471,groundhog,is brown
472,tongs,is used to grip
473,slingshot,a weapon
474,dove,is released
475,cloak,is made of metal
476,tiger,is a mammal
477,horseshoe,is black
478,shrimp,lives in oceans
479,cannon,has a chamber
480,monkey,has a mouth
481,chickpea,is used for hummus
482,ferret,has a short body
483,piano,has a sound
484,bow_(weapon),is aimed at targets
485,juice,has pulp of fruit or vegetable or both
486,pear,has pips
487,braid,is made of hair
488,gherkin,is sliced
489,dice,is numbered one to six
490,jacket,is worn by people
491,grapefruit,is eaten raw
492,toast,is dry
493,bell,makes a ringing sound
494,tool,is used to paint
495,beetle,has a stinger
496,projector,has a lens
497,carpet,is wall to wall
498,cougar,eats animals
499,cinnamon,is sold in grocery stores
500,fur_coat,is found on animals
501,radish,is used to make salads
502,wasp,is dangerous
503,kite,eats meat
504,mackerel,is oily
505,bread,eaten as toast
506,hearing_aid,is a device
507,puck,is used for games
508,soap,is made of a chemical compound
509,card,is used in rummy
510,clothespin,is used for laundry
511,oil,floats on water
512,frog,has eyes
513,blowtorch,has a long handle
514,skunk,is found in north america
515,coyote,hunts
516,tangerine,is juicy
517,saddle,used for riding
518,coffee,is drunk
519,brownie,is square
520,blindfold,is used for hiding
521,oven,is used to bake
522,toucan,has wings
523,doll,has a head
524,bagpipes,has a bag of air
525,walker1,is a wheelchair
526,buggy,has horns
527,surfboard,has fins
528,cash_machine,has a keypad
529,honeypot,is used to hold liquids
530,squirt_gun,is a toy
531,shield,is used to protect people
532,porthole,has peel
533,switch,is a part of a door
534,radio,is found in
535,bomb,does kill people
536,tugboat,is useful
537,loveseat,is small
538,sandpaper,is used by carpenters
539,train,has an engine
540,lime,is edible
541,spoon,does stir
542,funnel,is large
543,salmon,has fins
544,sparrow,has thin legs
545,broccoli,is tasty
546,toad,is ugly
547,avocado,is high in fat
548,cage,is used to keep animals from escaping
549,cape,is worn by men
550,banana,is soft
551,bone,is found in the ground
552,spoon,used for serving food
553,menu,has lists of foods
554,ratchet,is used in industry
555,silicone,is used in cookery
556,thermometer,is meteorological
557,rat,has legs
558,tent,is waterproof
559,waffle,is made of dough
560,ball,is used in cricket
561,apron,is bought at a store
562,arm,made of metal
563,gown,is worn
564,goat,is hunted by lions
565,star_fruit,has a core
566,bus,has an engine
567,breakfast,has bread
568,match,is flammable
569,tractor,is used for harvesting crops
570,stapler,has a place to put paper in
571,apron,is worn by people
572,trousers,is worn on the lower body
573,turnip,is crunchy
574,seashell,is bumpy
575,swordfish,is not poisonous
576,cup,used for baking
577,curry,is bought
578,kaleidoscope,is fun to use
579,sink,has a tap
580,tiger,has claws
581,ribbon,is made of cloth
582,pitcher,is found in kitchens
583,baby,has a stomach
584,goose,is large
585,bus,does stop
586,spirit_level,is straight
587,knob,is a fruit
588,sandwich,is small
589,sandal,has soles
590,grenade,is used by the military
591,ambulance,has horns
592,ruler,has a flat surface
593,firewood,has a pointy end
594,breadbox,is small
595,bok_choy,is harvested
596,dog,has nails
597,silicone,is used for makeup
598,beaver,does gnaw
599,ashtray,has no filter
600,saxophone,is used to make sounds
601,cup,used for measuring
602,apron,is used to hold things
603,eye,has an optic disc
604,toad,is an amphibian
605,kettle,is black
606,hail,is frozen water
607,necklace,made of diamonds
608,thorn,has branches
609,cart,is used in the country
610,dog,is brown
611,pelican,has a wingspan
612,goat,eats hay
613,stomach,is a bag
614,cable,is white
615,boy,is a relative of a girl
616,honeycomb,comes from bees
617,pepper2,eaten with food
618,denture,looks like real teeth
619,deer,has a white tail
620,bracelet1,has a design
621,remote_control,has an antenna
622,toad,is green
623,tiger,has fur
624,tyre,is burnt
625,tapestry,has a story
626,bow2,is used in hunting
627,house,has rooms
628,dishwasher,has a filter
629,scarecrow,is found in gardens
630,oven,is used to heat food
631,oil_tanker,is filled with men
632,cabbage,has a large head
633,teapot,is made of glass
634,pineapple,is used for decoration
635,ukulele,has six strings
636,alligator,lives in the wild
637,mug,is used to hold tea
638,brush,has bristles
639,carrot,eaten by cooking
640,spider,is a bug
641,canoe,a boat
642,pump,has an air chamber
643,buckle,is found on shoes
644,typewriter,has keys
645,thread,is used in sewing clothes
646,jacket,is outer
647,grapefruit,is nutritious
648,church,has seats
649,perch,lays eggs
650,pepper2,tastes hot/spicy
651,motorcycle,has 2 wheels
652,truck,is a vehicle
653,tomato,a fruit
654,wine_cooler,is used to drink wine
655,napkin,is soft
656,crystal2,has a cover
657,spinach,has stalks
658,ibuprofen,is for muscle pain
659,ruler,is rectangular
660,faucet,is used to wash clothes
661,bear,is brown and white
662,jeans,is tight
663,moss,is soft
664,canoe,is used to carry goods and people on water
665,stereo,is found in the kitchen
666,porcupine,is prickly
667,candle,is found in homes
668,crow,caws
669,road_sign,has an arrow on it
670,broccoli,has green leaves
671,blowgun,is made of wood
672,whip,is used to ride
673,tiger,is black
674,crocodile,has strong jaws
675,gyroscope,is used in space
676,trap,has a lever
677,centipede,has a body
678,clarinet,is classical
679,pickle,is nutritious
680,tree_trunk,is used by trees
681,cushion,has foam filling
682,onions,causes bad breath
683,ostrich,has a long neck
684,powder,has a taste
685,turnip,is roasted
686,hammock,has fabric
687,umbrella,used for keeping dry
688,pig,is a pig
689,grasshopper,has a long tongue
690,ruler,is 1 foot long
691,raccoon,is in Pocahontas
692,teepee,is used to hunt
693,whip,has eyelashes
694,seal,is eaten
695,rhino,has four legs
696,puppet,is inanimate
697,gerbil,does squeak
698,dolphin,is a mammal
699,jeep,is fast
700,rain_gauge,is an instrument
701,patty,contains pepper
702,mouse1,has a tail
703,otter,has fur
704,worm,has no eyes
705,flute,makes music
706,trumpet,is played in marching bands
707,wax,is used to seal
708,tablet,has wi - fi connection
709,platypus,is found in rivers
710,mayonnaise,is mixed with tuna
711,seal,eats fish
712,oar,is used for steering
713,swing,swings
714,cougar,a predator
715,whistle,is played by blowing into it
716,water_cooler,is used for drinks
717,cork,has a round shape
718,airplane,has passengers
719,clipboard,is rectangular
720,doll,is a toy girl
721,bark,is used for houses
722,grapefruit,is pink
723,cart,is used to carry passengers
724,shed,used for storage
725,ambulance,is large
726,zebra,travels in herds
727,radish,has three leaves
728,sail,has a rudder
729,hydrant,has a hose pipe
730,candle,is bought
731,air_mattress,has a fan / blower
732,eraser,has a point
733,corn,a vegetable
734,butterfly,is delicate
735,ruler,is used for drawing
736,motorcycle,has an engine
737,navel,is where your umbilical cord was attached
738,crowbar,is long
739,envelope,is white
740,boat,used on oceans
741,tortilla,is used for quesadillas
742,gutter,is in the street
743,napkin,is reused
744,peacock,has feathers
745,radio,is electronic
746,chandelier,found in dining rooms
747,apple,a fruit
748,pelican,is found in Africa
749,faucet,used for dispensing water
750,garbage_truck,has a cabin
751,plant,grows from a seed
752,marble,is a ball
753,moose,is big
754,mat,is found in living rooms
755,car_seat,has a seat belt
756,riser,is used to sit and standing on
757,prism,has three angles
758,submarine,is made of steel
759,pie,has a pastry
760,tricycle,is red
761,pipe2,has connections
762,carriage,is used to carry goods
763,guppy,lives in water
764,muff,protects hands from the cold
765,tray,is used to hold things
766,rock,is rough
767,seal,has a long neck
768,tomato,is used for food
769,dress,has sleeves
770,golf_club,is used to hit a ball
771,skateboard,is hard to use
772,makeup,is used for women
773,pyramid,made by Egyptians
774,bassinet,is for babies
775,goat,has hooves
776,bow_(weapon),used for sports
777,cheese,is yellow
778,sheep,is meat
779,antelope,is a male
780,thermostat,has a sensor
781,umbrella,is round
782,tape,is used to record sounds
783,spear,is primitive
784,belt_buckle,is silver
785,bikini,is colourful
786,barn,has a hay loft
787,bone,is strong
788,napkin,is white
789,ottoman,has a base
790,firewood,burns for a long time
791,rat,has teeth
792,ship,is big
793,shield,is circular
794,coat,is worn when cold
795,peach,is associated with summer
796,elephant,is big
797,trunk,is used to store
798,chicken1,is domestic
799,ibuprofen,is for muscle pain
800,clam,is eaten in summer
801,brick,is solid
802,dog,chases cats
803,nut,is brown
804,caterpillar,is edible
805,sardine,is a small fish
806,road_sign,is used to drive on roads
807,lamb,is food
808,toad,lives in the grass
809,snake,is an animal
810,gorilla,has a tail
811,margarita,has a lime wedge garnish
812,beaver,has babies
813,windsock,blows in the wind
814,plaster_cast,is made out of plaster
815,sling,is used for support
816,hail,has seeds
817,windsock,has a head
818,gauze,is used to make clothes
819,strawberry,has a leaf
820,bra,has a back
821,newspaper,has opinions
822,torpedo,has skin
823,bush,has many branches
824,bow2,is a gun
825,deer,has hooves
826,potato,eaten by cooking
827,desk,is used by children
828,card_(greeting),has a message
829,plate,has a handle
830,boomerang,is entertaining
831,computer,is used in the office
832,radio,used for playing AM
833,biscuit,is round
834,windshield_wiper,is made of rubber
835,turnstile,is used to enter
836,orange,has sections
837,puck,has a black top
838,vacuum,is used to clean cars
839,pliers,has two legs
840,squid,is a carnivore
841,blouse,is a shirt
842,cape,is long
843,pineapple,made of water
844,hovercraft,is used by the army
845,sauce,is served with meat
846,pistol,is kept in holster
847,cigar,is Cuban
848,microwave,used for heating food
849,salmon,has skin
850,almond,is eaten
851,potato,is baked
852,doll,is comforting
853,rocket,is launched from a launcher
854,tape_(scotch),used on presents
855,cape,has a hoodie
856,railing,prevenes people from falling off the edge of a cliff
857,bow3,has a red center
858,nightingale,does fly
859,tortoise,has scales
860,boomerang,is aboriginal
861,trousers,has cuffs
862,veil,is worn at parties
863,gorilla,has long hair
864,cucumber,has skin
865,olive,has a skin
866,ostrich,lives in the desert
867,locket,is worn on the neck
868,twig,is used to make things
869,pincushion,is used by tailors
870,apron,worn by cooks
871,bath,has legs
872,sardine,is silver
873,garbage,is thrown out
874,kiwi,is peeled
875,rhubarb,is crunchy
876,highchair,is used to eat meals
877,gloves,does cover
878,owl,lives in trees
879,station_wagon,is used to transport luggage
880,skyscraper,owned by companies
881,handbrake,is on the floor
882,minnow,lives in water
883,flamingo,lives in swamps
884,manatee,is small
885,licorice,is made of water
886,bear,has a nose
887,shower_cap,fits on the head
888,saxophone,has a reed
889,cake_mix,requires eggs
890,canoe,has an engine
891,squirrel,has a tail
892,bison,is endangered
893,hamster,has a pointed nose
894,carrot,is a root vegetable
895,wallet,does store
896,bolts,made of metal
897,crane,has a boom
898,stiletto,has a sole
899,headrest,is used to rest the head on
900,blueberry,is juicy
901,trout,is tickled
902,ski,has a pointy tip
903,submarine,has a hatch
904,blowtorch,is used with fire
905,ambulance,does go on roads
906,lightning_bug,has two wings
907,ring,is a symbol
908,humvee,is used by the military
909,robe,made of terry cloth
910,brick,is made of clay
911,tape,is a strip of paper
912,guinea_pig,does need a run
913,lava,has a rough texture
914,pie,has a crust
915,frame,has a gold frame
916,armchair,is cushioned
917,breadbox,is placed on a table
918,dice,is fair
919,castenets,made of metal
920,bouquet,has flowers
921,gorilla,is violent
922,screwdriver,is small
923,peeler,is white
924,scaffold,is made of wood
925,shirt,worn on torso
926,coconut,is a nut
927,rifle,is used by soldiers
928,veil,is a piece of clothing
929,pan,used for cooking
930,crocodile,a reptile
931,headband,is red
932,fire,produces heat
933,lemonade,is liquid
934,lamppost,has a bulb
935,brick,is used to pave roads
936,taxi,has a light
937,acorn,is nutritious
938,doormat,is a mat
939,butter,comes from milk
940,toad,hops
941,shell2,is made of material
942,bok_choy,has flowers
943,bayonet,used for killing
944,spoon,is cutlery
945,gem,is found in caves
946,saxophone,is gold
947,cake_mix,has different ingredients
948,nose,is linked to the sense of taste
949,dunebuggy,a car
950,cow,is a mammal
951,gasket,is round
952,shirt,is smart
953,elephant,eats
954,cleat,is worn to run
955,taxi,carries many people
956,icemaker,requires electricity
957,deodorant,is an item of clothing
958,bagel,is made of flour
959,brooch,is shaped like a leaf
960,juicer2,is used to make juice from vegetables
961,mink,is soft
962,crayon,has a name
963,pie,is made of milk
964,rudder,is used with a rudder stock
965,roller_coaster,goes upside down
966,otter,is used for experiments
967,tie,different colours
968,tiger,is ferocious
969,hoe,is a tool
970,meat_grinder,has different attachments
971,beanie,has a bobble
972,gong,does call people to dinner
973,turkey,has a beard
974,trough,has a flat bottom
975,mushroom,is a plant
976,wagon,has 4 wheels
977,frog,has a smooth skin
978,pickle,is juicy
979,kettle,contains water
980,bench,is long
981,lamp,has a flame
982,flea,has claws
983,pancake,is a batter food
984,granite,is used to build roads
985,machete,is used in the jungle
986,flea,has antenna
987,asparagus,grows on trees
988,saxophone,made of metal
989,pear,has pips
990,goat,is used to eat
991,glider,is used in sport
992,car_seat,has a seat belt
993,seal,is hunted for its meat
994,jeep,has a hard top
995,wok,has a curved body
996,strainer,is made from metal
997,balloon,is colourful
998,puppet,is a toy
999,icepick,is used to climb
1000,rhubarb,grows on bushes
1001,handlebar,is used to brake
1002,mashed_potato,is eaten with a knife
1003,mallet,has a flat head
1004,potpie,is eaten with a fork
1005,robin,eats worms
1006,motorcycle,used by Hell's Angels
1007,tractor,has rubber tires
1008,scorpion,has a stinger
1009,hamburger,is eaten with your hands
1010,centipede,is a predator
1011,cymbal,has a loud sound
1012,bridge,is big
1013,cupboard,is rectangular
1014,corn,is a fruit
1015,zebra,has spots
1016,olive,is eaten
1017,microphone,is held in the hand
1018,cow,makes noises
1019,dish,made of plastic
1020,trumpet,is used to blow
1021,chip,is black
1022,cheetah,has fur
1023,statue,has a crown
1024,snowboard,is used for tricks
1025,cabinet,has handles
1026,coffee,is used for espresso
1027,tuna,is endangered
1028,mackerel,hunted by people
1029,cheesecake,is yellow
1030,cider,is fizzy
1031,tennis_ball,has a diameter of six inches
1032,barrel,made of wood
1033,escalator,is black
1034,avocado,is a green vegetable
1035,mannequin,is used to display clothes in shops
1036,radish,comes in bunches
1037,tiger,does live in jungles
1038,gondola,has a flat bottom
1039,manatee,has a head
1040,wafer,is made of sugar
1041,hedge,grows wild
1042,rocket,has flowers
1043,llama,does walk
1044,pie,has a crust
1045,rice,is eaten by cooking
1046,bacon,is unsmoked
1047,burrito,is made with tortillas
1048,jersey,has short sleeves
1049,hose,has different colors
1050,sheath,is used to fight
1051,thumb,is strong
1052,bridge,does cross a river
1053,grits,has different textures
1054,whistle,is used to call people
1055,cabbage,has a leaf
1056,ball,is used in tennis
1057,food_processor,is used by professionals
1058,harness,is used to pull sleighs
1059,maggot,is found in the ground
1060,leotards,a tights
1061,jacket,has pockets
1062,fire_pit,is used by campers
1063,mantle,is worn to keep warm
1064,desk,has drawers
1065,hip,is held in ligaments
1066,donkey,has 4 legs
1067,guitar,eg - acoustic
1068,raft,does race
1069,wasp,has a long body
1070,slippers,a footwear
1071,dates,is used for baking
1072,lamb,is like a sheep
1073,cheetah,has legs
1074,shoe,is worn for fashion
1075,potato,does sprout
1076,butterfly,has wings
1077,spatula,is used in food preparation
1078,strawberry,a fruit
1079,nacho,is eaten
1080,poster,is found in offices
1081,frisbee,has a rim
1082,raft,is a boat
1083,alligator,is slimy
1084,tortilla,is eaten with beans
1085,arrow,has a shaft
1086,candy_bar,is american
1087,ring,has a stone
1088,seafood,is expensive
1089,car,has a gearshift
1090,hawk,has good eyesight
1091,hippo,is found in Africa
1092,freezer,used for storing meat
1093,red_carpet,is used in theater
1094,snow,is slippery
1095,goldfish,does grow
1096,hose,sprays water
1097,dress,is used to cover the body
1098,pickle,is green
1099,windowsill,is found on top of windows
1100,furnace,has an on / off switch
1101,plum,is used in pies
1102,water_heater,is used to wash clothes
1103,seal,lives in Arctic
1104,fridge,is rectangular
1105,spider,has a shell
1106,umbrella,is used in the rain
1107,telephone,is a mobile
1108,perch,a fish
1109,pie,has a crust
1110,cereal,has a bowl
1111,scalpel,does slice
1112,pedal,is oval
1113,panther,is pink
1114,ram,is hairy
1115,spear,used for fishing
1116,dish,used for food
1117,walnut,a nut
1118,screwdriver,is hand held
1119,coin,is a small piece of metal
1120,broccoli,is edible
1121,pigeon,has claws
1122,raft,carries many people
1123,surfboard,does float
1124,octopus,has eight legs
1125,whistle,is used by police
1126,spear,has a sharp point
1127,robin,is brown
1128,grape,is edible
1129,refrigerator,is used to hold food
1130,cucumber,is green
1131,television,is watched
1132,nightingale,has wings
1133,skateboard,is used on roads
1134,pine,is green
1135,oven,has a handle
1136,guitar,is made of plastic
1137,spool,is used in sewing
1138,fence,is used to keep things in
1139,milkshake,is eaten with a spoon
1140,houseboat,is cold
1141,typewriter,is old fashioned
1142,cockroach,is dirty
1143,panther,has sharp teeth
1144,fox,is a carnivore
1145,yoghurt,is thick
1146,key,is used to open things
1147,lion,is used to hunt
1148,leech,is not dangerous
1149,broccoli,is used to cook
1150,scaffold,is used to raise objects
1151,faucet,has a tap
1152,cornucopia,has a curved shape
1153,cassette,is a player
1154,doorbell,is used to inform someone
1155,meatball,is found in italian restaurants
1156,hut,made by humans
1157,slot,has a door
1158,slot,is used for entertainment
1159,rabbit,is kept as a pet
1160,trousers,does come in colours
1161,kite,is small
1162,tarantula,is a spider
1163,raisin,is healthy
1164,caviar,is eaten with crackers
1165,raft,used by Tom Sawyer
1166,walrus,is hunted for its meat
1167,envelope,different colours
1168,sled,used on snow
1169,platypus,does eat
1170,duffel_bag,is a bag
1171,dresser,used for storing clothing
1172,clarinet,made of metal
1173,centerpiece,has a bowl
1174,ship,used for transportation
1175,birch,is deciduous
1176,bolts,different sizes
1177,gorilla,has short legs
1178,soup,has salt
1179,lantern,produces light
1180,daisy,is small
1181,fridge,has racks
1182,orange,is used to drink
1183,knife,is used to cut
1184,yacht,has a cabin
1185,armor,has different parts
1186,ant,is used for food
1187,donkey,is a pet
1188,falcon,an animal
1189,saxophone,is made of wood
1190,train,does drive
1191,pliers,is a lever
1192,chest2,is used as a table
1193,ruler,has inches
1194,umbrella,does shelter
1195,mustache,has a mouth
1196,cockroach,is found in unhygienic conditions
1197,burner,is used to boil
1198,insole,is worn on the feet
1199,carrot,has fiber
1200,bouquet,is used for decoration
1201,pulley,is used to lift heavy weights
1202,toaster,is used for heating food
1203,trolley,is used for work
1204,furnace,has an exhaust pipe
1205,tag,is thin
1206,peppermint,has skin
1207,glove,is knitted
1208,leggings,is worn in the winter
1209,toilet_paper,is soft
1210,overalls,is a clothing
1211,laundry_basket,is used in the bedroom
1212,braid,is used to make hairstyle
1213,jacket,is fashionable
1214,limousine,is a symbol
1215,grenade,is used for military purposes
1216,bucket,made of plastic
1217,goat,lives in mountains
1218,cardigan,is worn by girls
1219,drain,used by connecting to pipes
1220,sleigh,is fun
1221,guacamole,comes in a bowl
1222,eggplant,is edible
1223,shawl,worn by women
1224,rhubarb,is green
1225,grille,is made of plastic
1226,sweeper,is small
1227,cow,is female
1228,carrot,has a top
1229,garage,part of a house
1230,razor,is used to cut hair on the head
1231,armchair,is for reading
1232,screwdriver,has a wooden handle
1233,trombone,has a slide valve
1234,stair,is made of wood
1235,asparagus,eaten by cooking
1236,roller,is made of metal
1237,volleyball,is used for fun
1238,sonogram,is a photograph
1239,helicopter,is used in the navy
1240,saxophone,is a woodwind instrument
1241,knife,is used to cook
1242,chain,has a pendant
1243,bun,has a hole in the middle
1244,reindeer,has a long nose
1245,wheat,is a food
1246,whisk,made of curved wires
1247,olive,is red
1248,barbell,is solid
1249,duckling,is yellow
1250,strawberry,is used in desserts
1251,guitar,is used for entertainment
1252,sandbox,is used for children 's games
1253,lavender,grows in england
1254,notebook,is used with pens
1255,spam,is eaten as spam
1256,squirrel,has a tail
1257,bed,is used for rest
1258,toad,has a long life
1259,tulip,has an orange center
1260,wand,is used to cast spells
1261,pyramid,found in deserts
1262,robe,is like a dressing gown
1263,rifle,has a barrel
1264,radish,is used for salads
1265,shoes,has buckles
1266,oriole,lays eggs
1267,water_filter,is used in a house
1268,raisin,tastes sweet
1269,chipmunk,lives in trees
1270,bib,is available in different sizes
1271,cart,used by pushing
1272,desk,is wooden
1273,trombone,is silver
1274,leopard,has four legs
1275,copier,is used to fax
1276,basement,used for storage
1277,ice-cream_cone,has a flat bottom
1278,grille,has holes for air to pass through
1279,starfish,lives in oceans
1280,seahorse,is used in aquariums
1281,bedpost,supports the mattress
1282,mailbox,is used to mail letters
1283,falcon,has talons
1284,scaffolding,has a platform
1285,blanket,covers a bed
1286,figurine,is a model
1287,spade,is found on beaches
1288,shrimp,is clear
1289,ice,is made of water
1290,housefly,is killed
1291,squirrel,is found in parks
1292,cake,is yummy
1293,trumpet,is played in orchestras
1294,pliers,is held in the hand
1295,badge,is attached
1296,blouse,is light
1297,macaroni,is a carbohydrate
1298,cow,eaten as meat
1299,scoreboard,is used to play games
1300,asparagus,is grown in fields
1301,beaver,is used for coats
1302,exhaust_pipe,is connected to a tractor
1303,stick,is used in sports
1304,blender,is used to make gravy
1305,veil,protects the face
1306,manatee,swims
1307,shrimp,grows in the ocean
1308,rope,used for securing
1309,trigger,is pulled by fingers
1310,crossbow,is old fashioned
1311,slug,is soft
1312,celery,a vegetable
1313,thimble,made of plastic
1314,baton1,has a handle
1315,gin,is drunk to loose all inhibitions
1316,tweezers,is useful
1317,subway,found in cities
1318,ruler,used for drawing
1319,pencil,is yellow
1320,pistol,has a chamber
1321,guitar,is made of hard wood
1322,iguana,is gray
1323,amber,is yellow
1324,peacock,is colourful
1325,oyster,is slimy
1326,drawer,has handles
1327,coleslaw,has a dressing
1328,chicken1,is food
1329,shutter,is a window accessory
1330,clamp,a vice
1331,bear,is large
1332,mast,is strong
1333,squid,is edible
1334,desk,is sat at
1335,moth,is black and white in color
1336,bouquet,is used in celebrations
1337,tablet,is mobile
1338,lipstick,has a lid
1339,coach_(vehicle),is old
1340,lion,is associated with lion king
1341,touchpad,is part of a computer
1342,cape,associated with Batman
1343,shotgun,a weapon
1344,compost,is used to grow food
1345,bridge,used by cars
1346,gate,has different colors
1347,cake,made of milk
1348,boat,is a vehicle
1349,hawk,eats rodents
1350,canoe,has paddles/is paddled
1351,duct,has a rough surface
1352,veil,is a fabric
1353,bag,is used to carry things
1354,vacuum,is noisy
1355,cheetah,does kill
1356,dolphin,lives in oceans
1357,pin,pricks fingers
1358,can_opener,has a motor
1359,coyote,a mammal
1360,juice,is made of juice
1361,avocado,is eaten in salads
1362,brandy,is set alight
1363,jar,is made of plastic
1364,butterfly,is used for pollination
1365,sprinkler,has a long pipe
1366,crouton,has a crunch
1367,sardine,is a small fish
1368,hot_tub,contains heat
1369,trumpet,is played by blowing air into it
1370,kettle,does make tea
1371,brussels_sprouts,is found in shops
1372,wrench,used for plumbing
1373,grenade,has a ring
1374,porcupine,is used as a pet
1375,bike,has a bell
1376,nut,contains oil
1377,footrest,is long
1378,bread,is white
1379,motorcycle,is loud
1380,mask,covers the eyes
1381,jeans,is old
1382,armour,worn for protection
1383,pantsuit,is made of wool
1384,ottoman,has an inside
1385,pony,has a long mane
1386,crown,worn by kings
1387,window,does open and close
1388,calf1,does drink
1389,shirt,is worn to work
1390,basket,made of wicker
1391,bouquet,is pretty
1392,cello,made of wood
1393,cup,is made of metal
1394,espresso,is drunk at night
1395,dolphin,lives in seas
1396,calf1,has 4 hoofs
1397,cannon,is found on boats
1398,calf1,is heavy
1399,deer,is found in the mountains
1400,cheese,is a food
1401,goat,has a long neck
1402,pickax,is used to build
1403,charcoal,is used in fireworks
1404,clay,is a material
1405,piecrust,is used to make dough
1406,zebra,is used for research
1407,tool,is used to break things
1408,goldfish,has a mouth
1409,deckchair,is associated with summer
1410,saxophone,is played with the fingers
1411,sailboat,a boat
1412,flamethrower,is used to burn trash
1413,blouse,has a yoke
1414,snack,is used to relieve hunger
1415,gurney,is found in the emergency department
1416,confetti,is shiny
1417,biscuit,made of butter
1418,salami,comes in slices
1419,tiger,is orange
1420,loincloth,is worn on the waist
1421,grapefruit,is eaten raw
1422,ottoman,is used to store things
1423,olive,is Mediterranean
1424,bucket,is black
1425,wooden_leg,is found on men
1426,centipede,is thin
1427,puppet,is black
1428,hamster,has fur
1429,potato,has roots
1430,elephant,is dangerous
1431,clipper2,is used to shear
1432,airbag,is yellow
1433,apron,is used by chefs
1434,centerpiece,has candy
1435,bracket,holds things
1436,comb,has a flat surface
1437,oven,has four legs
1438,bus,has a bell
1439,dishrag,has a texture
1440,dagger,is hidden
1441,glue,is used to glue
1442,turf,is on the ground
1443,goggles,does come in pairs
1444,navel,is found on the belly
1445,sequin,is found on clothing
1446,tobacco,is used to make snuff
1447,lips,has muscles
1448,dresser,has a flat top
1449,catapult,is used in combat
1450,chapel,used for worshipping
1451,crumb,is a bread topping
1452,fan_(appliance),used for blowing air
1453,rosary,has a pendant
1454,lobster,has legs
1455,bench,is made of cement
1456,cheetah,has paws
1457,cup,a mug
1458,icicle,has a pointed tip
1459,warthog,is hunted for its tusks
1460,rifle,is lethal
1461,chair,does swivel
1462,seaweed,is in Chinese cookery
1463,finger,is useful
1464,brush,is used to clean hair
1465,iguana,eats bugs
1466,football,has two poles
1467,bullet,is small
1468,pennicillin,does good
1469,freezer,used for storing food
1470,rocking_chair,is associated with old people
1471,vacuum,has colors
1472,car,is a vehicle
1473,canoe,used by Indians
1474,tractor,has wheels
1475,wafer,is eaten by children
1476,grain,is ground into flour
1477,saucer,is breakable
1478,wax_paper,is not edible
1479,star_fruit,has pulp
1480,scuba,is used for water
1481,hippo,is a herbivore
1482,vending_machine,is operated by credit card
1483,projector,is found in classrooms
1484,jacket,is worn in the winter
1485,ear,does make vibrations
1486,coin,has a value
1487,twig,has thorns
1488,thermometer,is used to measure body temperature
1489,catfish,has whiskers
1490,sorbet,comes in different flavors
1491,nylons,has toes
1492,chandelier,is light
1493,octopus,is a marine animal
1494,exerciser,is used for rehabilitation
1495,fox,eats small animals
1496,sheep,used for wool
1497,chair,has a cushion
1498,branch,is a tree
1499,wheelbarrow,made of metal
1500,jug,is used to pour wine
1501,sweater,is worn on top of clothes
1502,bear,is wild
1503,flute,makes sounds
1504,gravy,is eaten with meat
1505,eagle,does dive
1506,caribou,has horns
1507,candle,is colourful
1508,peas,is yellow
1509,raisin,tastes sweet
1510,oak,has a trunk
1511,cinnamon,is sold in small containers
1512,football,is used to keep score
1513,hovercraft,has a safety bar
1514,mirror,used for showing reflections
1515,ibuprofen,is pink
1516,cat,is black
1517,spider,is found in gardens
1518,seatbelt,is attached to the car
1519,lettuce,has stems
1520,sheep,a baby is a lamb
1521,chick,is fluffy
1522,zebra,a horse
1523,lemon,used for juice
1524,robin,a bird
1525,cap,is made in factories
1526,chili,has leaves
1527,accordion,has strings
1528,tuba,produces sound
1529,pillbox,has different colors
1530,filter,is used to drink
1531,bobsled,is used by two people
1532,catapault,has a base
1533,rooster,lives on farms
1534,desk,found in libraries
1535,horse,used for working
1536,swordfish,is found in schools
1537,menu,has words on it
1538,marigold,has stamens
1539,piano,is white
1540,spear,used for killing
1541,barrel,is found in cellars
1542,umbrella,is made of metal
1543,bell,made of brass
1544,finch,sings
1545,bomb,has a timer
1546,fawn,eats leaves
1547,sheep,is associated with easter
1548,cloak,is big
1549,bullet,has a taste
1550,bag,made of material
1551,almond,has a taste
1552,golf_club,has a ball
1553,sundial,has a stand
1554,velcro,is a fastener
1555,board,is smooth
1556,ball,is played with
1557,strawberry,grows in fields
1558,highlighter,has a marker
1559,seaweed,has leaves
1560,oyster,is expensive
1561,dumbwaiter,is used in houses
1562,ox,has fur
1563,shirt,is worn by people
1564,poison,made of chemicals
1565,hamster,eats plants
1566,cockroach,has many legs
1567,sunflower,grows on plants
1568,chair,has a back
1569,houseboat,is lived in
1570,cellphone,has buttons
1571,napkin,is used to clean your face
1572,sledge,made of plastic
1573,pedal,is round
1574,chalk,is used in art
1575,sledge,is pulled by dogs
1576,duct,is sharp
1577,taxi,has a trunk
1578,brush,has bristles
1579,stroller,is used to keep babies safe
1580,level,used for making straight lines
1581,hook2,used as a hand
1582,swan,is used for transportation
1583,sewing_machine,is found in the country
1584,limousine,is luxurious
1585,subway,has a table
1586,cookie_sheet,has a smooth surface
1587,grapefruit,eaten by peeling
1588,hose,is plastic
1589,coop,has a lock
1590,avocado,is a vegetable
1591,sauce,is used on pasta
1592,baton3,is musical
1593,chainsaw,is fast
1594,mint,is aromatic
1595,lantern,made of glass
1596,unicycle,is used for entertainment
1597,helmet,is used in football
1598,oriole,is black
1599,bow3,is a present decoration
1600,garbage_truck,has a big mouth
1601,aluminum_foil,is made of tin
1602,spinach,has roots
1603,honeydew,tastes good
1604,cape,is used by women
1605,wooden_leg,has a peg leg
1606,octopus,has eyes on stalks
1607,beanie,is round
1608,cordon_bleu,is blue
1609,trumpet,is used for music
1610,fawn,is soft
1611,octopus,lives in oceans
1612,rope,is used to tie
1613,handcuff,is locked
1614,van,a vehicle
1615,painting,is found in museums
1616,budgie,a pet
1617,tractor,has two big wheels
1618,pier,is large
1619,gourd,has a hard shell
1620,raspberry,is used to make pies
1621,rocket,is yellow
1622,cloak,is worn
1623,pincushion,has a sharp object
1624,mushroom,is small
1625,whistle,is made of metal
1626,nylons,a stockings
1627,fire,is hot
1628,chicken1,is domesticated
1629,mat,is used to carry things
1630,barn,has stalls
1631,hose,has a round end
1632,table,is a piece of furniture
1633,toad,has legs
1634,scissors,has 2 blades
1635,pliers,has a metal head
1636,snail,has a body
1637,razor,has a handle
1638,beaver,is found in America
1639,polygraph,records lies
1640,teacup,is made of ceramic
1641,bagpipes,does make sound
1642,cheese,is melted
1643,chili,is served in restaurants
1644,grenade,a weapon
1645,mushroom,grows underground
1646,train,has a conductor
1647,bicycle,is ridden
1648,urinal,has a hole in the top
1649,solar_panel,is made of cells
1650,pencil,a utensil
1651,amber,is old
1652,corkscrew,is found in drawers
1653,antelope,is used for meat
1654,bull,has horns
1655,sword,is a blade
1656,celery,is edible
1657,skillet,found in kitchens
1658,violin,has ribs
1659,spider,does move
1660,clam,does nothing
1661,mud,comes from the ground
1662,ink,writes well
1663,pastry,has nuts
1664,hot-air_balloon,rises in the air
1665,sweet_potato,is eaten
1666,beaver,does build
1667,biscuit,eaten with tea
1668,jacket,worn for the rain
1669,furnace,heats air
1670,ring,is round
1671,thermometer,is a device
1672,anchor,is heavy
1673,prune,has a sweet taste
1674,book,is flat
1675,pasta,has strings
1676,boots,has heels
1677,ramp,is on stairs
1678,motherboard,has a cd drive
1679,wine,is consumed during holidays
1680,budgie,chirps
1681,trombone,has a mouth-piece
1682,tank1,has a crew
1683,mandarin,tastes sweet
1684,wheelbarrow,has garden equipment
1685,monkey,is frightening
1686,hoe,is used to cut vegetables
1687,knitting,is used to make socks
1688,skateboard,is thin
1689,flute,has buttons
1690,caramel,has a chewy texture
1691,beanie,has ear flaps
1692,hose,is white
1693,birthday_cake,is for a birthday
1694,toy,makes noises
1695,celery,has small leaves
1696,hose,is used by firemen
1697,nail_polish,does pour
1698,jelly_bean,has a shell
1699,satchel,has a long strap
1700,taffy,is made with butter
1701,vacuum,has wheels
1702,geranium,has a distinctive smell
1703,blackberry,has thorns
1704,casserole,is prepared with meat
1705,flatiron,is a cooking utensil
1706,collar,is used for dogs
1707,plough,is a machine
1708,scoreboard,is used in football games
1709,breadbox,is a container
1710,blanket,has different sizes
1711,duck,is a water bird
1712,beaver,does chew wood
1713,spear,is used by hunters
1714,swimsuit,made of different materials
1715,moth,is not edible
1716,sausage,has different flavors
1717,radio,is found in bedrooms
1718,badger,is a carnivore
1719,plate,made of china
1720,mouthpiece,is a mouth guard
1721,moose,an animal
1722,whip,a weapon
1723,parsley,tastes bitter
1724,plum,is eaten raw
1725,bow_(weapon),is a weapon
1726,fossil,is discovered by digging
1727,swimsuit,different colours
1728,cork,made of cork
1729,crayon,is used for children
1730,nectarine,is juicy
1731,popcorn,has a flavor
1732,paper_plate,is used to serve salad
1733,bathtub,found in bathrooms
1734,biscuit,has a short shelf life
1735,dogfood,is made of vegetables
1736,rock,is irregular
1737,coat,is a coat
1738,helicopter,has rotating blades
1739,peas,is boiled
1740,birdcage,has four walls
1741,crowbar,has a pointy end
1742,blinder,has a hole in the center
1743,dove,is grey
1744,dishwasher,has a plug
1745,seaweed,has different flavors
1746,accordion,is played by pressing buttons
1747,rhubarb,is crunchy
1748,whip,is a weapon
1749,nail,has grooves
1750,wick,has a flame
1751,crane_(machine),used for moving things
1752,monkey,does live in groups
1753,tree,has fruit
1754,eucalyptus,is exotic
1755,mustard,is a vegetable
1756,turkey,is black
1757,puffin,is aquatic
1758,broccoli,has yellow flowers
1759,revolver,is black
1760,hose,is flexible
1761,splinter,has to pull it out
1762,butterfly,is a pest
1763,bellows,has pressurised air
1764,eagle,is a brown bird
1765,arm,has joints
1766,hydrant,is red in color
1767,banana,tastes good
1768,cap,is American
1769,barrel,is found in houses
1770,knife,made of metal
1771,spider,has long legs
1772,stove1,used for heating
1773,toaster,an appliance
1774,swan,lays eggs
1775,brandy,is drunk from a glass
1776,jeans,is comfortable
1777,mullet,has a flat top
1778,skunk,has a tail
1779,bottle,has a lid
1780,sorbet,is tasty
1781,stork,eats fish
1782,carpet,is shag
1783,tumbleweed,is used for art
1784,piano,is black
1785,sink,clogs
1786,cellar,is dark
1787,rabbit,is found in south america
1788,cart,is pulled by people
1789,barn,used for animals
1790,saxophone,a musical instrument
1791,pumpkin,has a thin skin
1792,bread,made of wheat
1793,raft,is used for transportation of people
1794,walrus,swims
1795,brush,is small
1796,goose,is hunted for food
1797,flamingo,does stand on one leg
1798,book,has pictures
1799,earmuffs,worn by children
1800,pliers,does turn
1801,brussels_sprouts,grows on stalks
1802,leotard,has a neckline
1803,knot,is wood
1804,french_horn,does make sound
1805,corsage,has laces
1806,giraffe,is a mammal
1807,tomato,is made of fruit
1808,bread,requires baking
1809,drink,has sugar in it
1810,cookie_sheet,is used to cook cookies
1811,crowbar,used by thieves
1812,watermelon,is striped
1813,pyramid,is old
1814,lamb,is used to eat
1815,tyre,is sold
1816,sledge,is ridden
1817,chair,is used for relaxation
1818,crown,is worn by royalty
1819,bead,has a hole on the side
1820,cooker,has a grill
1821,pepper2,a seasoning
1822,dictionary,is easy to use
1823,modem,is electrical
1824,fork,has four tines
1825,grasshopper,has antennae
1826,carrot,has green leaves
1827,harmonica,is played by blowing into it
1828,license_plate,has a specific format
1829,vent,is made of metal
1830,wheelbarrow,is used to move things
1831,wrapping_paper,is used for birthdays
1832,flamingo,has a long beak
1833,photo_booth,has a camera
1834,pickle,tastes sweet
1835,cheetah,has whiskers
1836,mouse1,is edible
1837,radio,made of plastic
1838,kite,has a frame
1839,gorilla,is violent
1840,crocodile,eats animals
1841,polisher,is a tool
1842,taxi,is used for transport
1843,tennis_ball,is used for games
1844,lettuce,eaten with dressings
1845,mask,made of wood
1846,peeler,made of metal
1847,steamroller,is used to flatten
1848,fox,is red
1849,owl,does hoot
1850,yoyo,is circular
1851,pillow,is made of feathers
1852,screwdriver,has a point
1853,shoes,does keep feet warm
1854,cow,eats grass
1855,celery,is eaten in salads
1856,slide,has a top
1857,otter,has sharp teeth
1858,fern,is used for ground cover
1859,ruler,has a square shape
1860,ostrich,has a long tail
1861,electric_chair,is used for murder
1862,washboard,is a device
1863,pin,does pin on a wall
1864,basket,used at Easter
1865,jackhammer,is used in cities
1866,yoke,is an animal
1867,cocktail,is a party drink
1868,wasp,is scary
1869,handkerchief,has laces
1870,hoe,used for gardening
1871,rattle,is loud
1872,whisk,is manual
1873,goldfish,is yellow
1874,cigar,is smelly
1875,revolving_door,has a glass window
1876,revolver,requires bullets
1877,walrus,is big
1878,scalpel,is used by doctors
1879,bear,eats fish
1880,garlic,has a stem
1881,owl,has wings
1882,escalator,goes down
1883,spanner,has a handle
1884,flute,is in an orchestra
1885,olive,has a skin
1886,rock,is used in homes
1887,pyramid,has a point at the top
1888,sheep,climbs
1889,frame,has a hook on the back
1890,spareribs,has bones
1891,turnstile,has an entrance
1892,submarine,is yellow
1893,beets,is red
1894,snack,is high in fat
1895,belt_buckle,is fastened with a belt
1896,skirt,has a waistband
1897,heron,has legs
1898,flower,is an animal
1899,cigarette,is smoked
1900,saw,is modern
1901,ant,lives in a colony
1902,lettuce,has a leafy top
1903,sardine,is canned
1904,knife,is used as a weapon
1905,pig,has legs
1906,ring,has a design
1907,place_mat,is a piece of cloth
1908,gun,fires bullets
1909,beetle,has a hard shell
1910,air_conditioner,is used in bedrooms
1911,beaver,has a small head
1912,gerbil,is stupid
1913,cabbage,grows from seeds
1914,buggy,is used for recreational purposes
1915,cleat,is used to play soccer
1916,wallet,is brown
1917,bow1,is a weapon
1918,telephone,has numbers
1919,pickax,is used to dig holes
1920,filing_cabinet,has handles
1921,jellyfish,is unusual
1922,leotards,worn for dancing
1923,skunk,has legs
1924,game,has a batter
1925,granola,contains seeds
1926,platypus,has a duck bill
1927,nightgown,worn at night
1928,machete,is useful
1929,gun,kills people
1930,seed,has a hard covering
1931,wire,is heated
1932,balloon,floats
1933,octopus,is used for pets
1934,caviar,is salty
1935,apron,is tight
1936,grill,has a long handle
1937,pigeon,is found in the city
1938,rocket,is colourful
1939,cabbage,a vegetable
1940,gold,is used to make things
1941,canoe,is used to race
1942,giraffe,lives in Africa
1943,ambulance,is fast
1944,shoes,made of cotton
1945,cheese,used with food
1946,gate,is found on farms
1947,calamari,has skin
1948,blender,is a kitchen appliance
1949,traffic_light,is rectangular
1950,bin,is a receptacle
1951,heart,has atria
1952,motorcycle,is noisy
1953,lamppost,has a post
1954,scallop,is eaten
1955,cockroach,has a head
1956,mattress,is used to make beds
1957,wine,has tannins
1958,caribou,hunted by people
1959,bus,requires gasoline
1960,lettuce,grows on trees
1961,feather,is a part of a bird
1962,fork,used with knives
1963,finger,is dextrous
1964,snowmobile,is used by people
1965,tyre,is sold
1966,blender,used for chopping food
1967,hawk,is a bird of prey
1968,slicer,is used to cut meat
1969,kale,is sold at markets
1970,thumb,does break
1971,gate,has a lock
1972,hyena,does eat
1973,drawer,is a place to put things
1974,barge,is slow
1975,peach,is furry/fuzzy
1976,blender,is a kitchen appliance
1977,goalpost,has goals
1978,buckle,is used by animals
1979,blueberry,is used for jam
1980,hoodie,is associated with thugs
1981,rickshaw,is a vehicle
1982,porcupine,eats fruit
1983,butter,is used to make dough
1984,christmas_tree,has branches
1985,nightshirt,is long
1986,satchel,is a bag
1987,projector,has a light inside
1988,badger,is found in the forest
1989,bread,is round
1990,pocketknife,is found in pockets
1991,trout,is alive
1992,music_box,is found in homes
1993,radio,is connected to the internet
1994,couch,furniture
1995,banjo,is musical
1996,dress,is worn at funerals
1997,mouse1,lives in walls
1998,pencil,made of lead
1999,rock,is used as a building material
